Rank,Dataset,Gene,Type,Outgoing_Strength,Outgoing_Strength_Std,Top5_Outgoing_Targets
1,Semrau,Hoxb2,Gene,112.152,8.28,Zfp42 (-27.99); Pou5f1 (-22.66); Cd24a (+17.18); Nes (+6.67); Cdh2 (+6.55)
2,Semrau,RA,Stimulus,64.709,4.341,Esrrb (-7.33); Klf2 (-6.37); Dppa2 (+5.10); Fgf4 (-4.06); Sox2 (-3.98)
3,Semrau,Dnmt3a,Gene,58.088,7.691,Zfp42 (-5.95); Esrrb (-5.49); Nr0b1 (-4.13); Hoxb2 (+4.08); Klf4 (-3.89)
4,Semrau,Lamb1,Gene,54.751,17.01,Col4a2 (+17.82); Sparc (+11.73); Gata6 (+6.09); Dab2 (+5.62); Pdgfra (+4.81)
5,Semrau,Esrrb,Gene,43.884,4.956,Jarid2 (+9.45); Dppa4 (+7.82); Nr0b1 (+6.65); Dppa2 (+3.57); Zic3 (+2.70)
6,Semrau,Col4a2,Gene,43.325,12.778,Lamb1 (+14.54); Sparc (+12.59); Gata4 (+4.69); Krt8 (+3.42); Gata6 (+2.30)
7,Semrau,Klf2,Gene,33.713,6.399,Dppa2 (+8.27); Zic3 (+5.78); Zfp42 (+2.71); Dnmt3b (+2.61); Jarid2 (+1.77)
8,Semrau,Sox2,Gene,28.838,4.929,Esrrb (+9.51); Dppa2 (+7.09); Pou5f1 (+2.72); Zfp42 (+2.61); Klf4 (+1.69)
9,Semrau,Dppa2,Gene,20.506,3.784,Esrrb (-3.72); Hoxa1 (+3.09); Zfp42 (-2.74); Klf4 (-2.29); Hoxb2 (+1.87)
10,Semrau,Cdh2,Gene,16.377,5.59,Col4a2 (+4.99); Lamb1 (+4.34); Sparc (+2.23); Sox17 (+2.04); Nes (+1.49)
11,Semrau,Klf4,Gene,16.058,2.423,Nr0b1 (+3.70); Klf2 (+2.10); Zic2 (+1.95); Dppa4 (+1.39); Pou5f1 (+1.06)
12,Semrau,Sparc,Gene,13.982,0.866,Klf4 (+4.49); Fst (+1.87); Lamb1 (+1.67); Pdgfra (+1.26); Gata6 (-0.85)
13,Semrau,Dnmt3b,Gene,12.747,3.304,Zfp42 (-2.53); Pou3f1 (+2.01); Pou5f1 (-1.84); Jarid2 (-0.74); Dppa2 (-0.64)
14,Semrau,Fgf4,Gene,11.934,3.192,Klf2 (+3.21); Esrrb (+1.76); Zfp42 (+1.11); Pou5f1 (+1.01); Dnmt3b (+0.96)
15,Semrau,Cd24a,Gene,11.825,1.576,Hoxb2 (-4.27); Zfp42 (+1.26); Sparc (+0.97); Dnmt3a (-0.93); Hoxa1 (-0.58)
16,Semrau,Zfp42,Gene,9.917,5.116,Dnmt3b (+4.04); Dnmt3a (+3.07); Zic2 (+1.59); Dppa3 (+0.19); Jarid2 (+0.18)
17,Semrau,Fst,Gene,9.899,3.88,Klf4 (+3.69); Zfp42 (+1.04); Hoxa1 (-1.02); Nr0b1 (+0.99); Pax6 (-0.91)
18,Semrau,Dab2,Gene,9.375,9.067,Sox17 (+3.46); Zfp42 (-2.14); Lamb1 (+1.18); Sparc (+1.05); Pdgfra (+0.61)
19,Semrau,Dppa3,Gene,7.878,1.948,Zfp42 (+4.15); Zic3 (+0.49); Sox11 (-0.39); Meis1 (-0.39); Sox1 (-0.33)
20,Semrau,Hoxa1,Gene,6.45,3.211,Cdh2 (+1.27); Hoxb2 (+1.14); Sox11 (+0.83); Dppa2 (-0.82); Dnmt3b (-0.73)
21,Semrau,Sox11,Gene,5.581,3.276,Col4a2 (+2.35); Dnmt3a (-1.69); Sparc (+0.71); Nes (+0.36); Sox1 (+0.21)
22,Semrau,Zic3,Gene,5.141,2.131,Dnmt3a (+2.36); Pou3f1 (+0.48); Pou5f1 (+0.41); Fgf4 (+0.34); Sox2 (+0.26)
23,Semrau,Nes,Gene,3.651,2.156,Zfp42 (+0.90); Pou5f1 (+0.68); Esrrb (+0.56); Jarid2 (+0.27); Nr0b1 (+0.25)
24,Semrau,Dppa4,Gene,3.517,1.643,Jarid2 (-0.52); Dppa2 (-0.44); Sox1 (+0.41); Dnmt3a (+0.27); Zfp42 (-0.26)
25,Semrau,Nr0b1,Gene,2.745,2.403,Zfp42 (+1.17); Pou5f1 (+0.49); Esrrb (+0.24); Klf2 (+0.20); Sox1 (-0.16)
26,Semrau,Gata6,Gene,2.687,3.99,Krt8 (+0.66); Gata4 (+0.49); Lamb1 (+0.38); Sox17 (+0.36); Col4a2 (+0.28)
27,Semrau,Pou5f1,Gene,2.139,0.589,Dnmt3a (+0.82); Zic2 (-0.16); Dppa4 (-0.14); Klf4 (-0.14); Hoxa1 (+0.13)
28,Semrau,Krt8,Gene,1.833,0.851,Zfp42 (-0.58); Gata4 (+0.51); Pou5f1 (-0.26); Lamb1 (+0.17); Sox1 (+0.14)
29,Semrau,Sox1,Gene,1.805,0.313,Hoxb2 (+0.89); Sox11 (+0.78); Nes (+0.07); Meis1 (+0.05); Zfp42 (-0.00)
30,Semrau,Zic2,Gene,1.786,0.858,Esrrb (+0.42); Sox1 (+0.20); Dnmt3a (-0.20); Pax6 (+0.18); Zfp42 (+0.12)
31,Semrau,Jarid2,Gene,0.83,0.574,Dnmt3a (+0.24); Zfp42 (-0.15); Hoxa1 (+0.07); Sox1 (+0.05); Dab2 (-0.04)
32,Semrau,Meis1,Gene,0.279,0.57,Dab2 (+0.26); Nes (+0.01); Sox11 (+0.00); Sox1 (+0.00); Hoxb2 (+0.00)
33,Semrau,Sox17,Gene,0.06,0.118,Krt8 (-0.04); Gata6 (-0.01); Dnmt3b (+0.00); Klf4 (+0.00); Pax6 (-0.00)
34,Semrau,Pax6,Gene,0.033,0.055,Jarid2 (+0.03); Cdh2 (+0.00); Dnmt3a (-0.00); Pou5f1 (+0.00); Nes (+0.00)
35,Semrau,Pdgfra,Gene,0.017,0.017,Gata4 (+0.01); Klf4 (+0.00); Dnmt3b (+0.00); Sox1 (+0.00); Hoxb2 (+0.00)
36,Semrau,Gata4,Gene,0.007,0.002,Klf4 (+0.00); Pou5f1 (-0.00); Zic2 (-0.00); Dnmt3b (+0.00); Cdh2 (-0.00)
37,Semrau,Pou3f1,Gene,0.005,0.002,Hoxb2 (+0.00); Dab2 (+0.00); Meis1 (+0.00); Hoxa1 (+0.00); Dnmt3a (-0.00)
38,Semrau,Fgf5,Gene,0.002,0.0,Gata4 (+0.00); Pou5f1 (+0.00); Fst (+0.00); Esrrb (+0.00); Gata6 (+0.00)
39,Semrau,Cer1,Gene,0.001,0.001,Sox11 (-0.00); Lamb1 (+0.00); Gata6 (+0.00); Col4a2 (+0.00); Sparc (+0.00)
40,Semrau,Ascl1,Gene,0.001,0.0,Sox11 (-0.00); Sox1 (+0.00); Pou5f1 (+0.00); Dppa4 (-0.00); Jarid2 (-0.00)
41,Semrau,Sox9,Gene,0.001,0.001,Pou5f1 (+0.00); Sox11 (+0.00); Krt8 (+0.00); Klf2 (-0.00); Fst (+0.00)
42,Semrau,Wnt8a,Gene,0.001,0.001,Pou5f1 (-0.00); Sox11 (-0.00); Pou3f1 (+0.00); Cd24a (+0.00); Nes (+0.00)
1,Kameneva,RPL30,Gene,127.018,8.826,RPL10 (+5.38); RPL32 (+5.22); RPL34 (+4.93); RPS2 (+4.32); FAU (+4.19)
2,Kameneva,CHGA,Gene,108.514,15.115,CHGB (+7.39); RAMP1 (+6.98); PENK (+6.68); HAND2-AS1 (+5.52); SCG2 (+5.34)
3,Kameneva,MEG3,Gene,89.995,6.449,COL18A1 (+3.45); RPS2 (+3.30); RPL12 (+2.82); TIMP3 (+2.81); METRN (+2.60)
4,Kameneva,ATP5F1E,Gene,68.93,12.536,RPL32 (+7.72); RPS2 (+6.62); RPL34 (+6.28); RPS29 (+6.24); RPS4X (+5.85)
5,Kameneva,RA,Stimulus,52.512,1.253,OLFML2A (-3.09); S100B (-2.48); PLP1 (-2.41); ANXA2 (-2.39); VCAN (-2.35)
6,Kameneva,HAND2-AS1,Gene,52.435,7.682,STMN2 (+2.45); MAP1B (+2.16); CD24 (+2.14); RTN1 (+2.14); BASP1 (+2.12)
7,Kameneva,POSTN,Gene,50.401,7.985,RPL34 (-1.65); EIF4A2 (-1.51); RPL41 (-1.45); RPS13 (-1.37); RPL10 (-1.33)
8,Kameneva,ALDH1A1,Gene,48.818,7.361,FAU (-2.00); BTF3 (-1.27); GAPDH (-1.24); RPL10 (-1.22); HNRNPA1 (-1.21)
9,Kameneva,HTATSF1,Gene,37.623,7.016,RPS4X (+2.92); RPL41 (+2.26); RPS2 (+2.20); RPL12 (+2.17); RPL32 (+1.84)
10,Kameneva,HAND2,Gene,36.196,18.502,PHOX2A (+2.57); BEX1 (+2.51); UCHL1 (+2.49); GAL (+2.21); BASP1 (+2.16)
11,Kameneva,ZEB2,Gene,33.916,3.222,RPS2 (-1.41); RPL32 (-1.30); RPL12 (-1.24); MEG3 (-1.23); DLK1 (-1.15)
12,Kameneva,DLK1,Gene,33.534,2.69,PRPH (-2.40); RPL10 (+1.87); RTN1 (-1.83); YBX1 (+1.54); GAPDH (+1.46)
13,Kameneva,COL5A2,Gene,29.82,7.914,HAND2 (-1.04); TH (-1.04); STMN2 (-0.99); ATP5F1E (-0.96); CD24 (-0.92)
14,Kameneva,RPS13,Gene,28.564,16.221,HAND2-AS1 (-2.19); MEG3 (-2.08); HAND2 (-2.04); PCSK1N (-1.58); CHGA (-1.44)
15,Kameneva,PCSK1N,Gene,27.873,5.799,CHGA (+4.28); ATP5F1E (+4.02); FAU (+3.63); HINT1 (+2.77); RPS4X (+1.05)
16,Kameneva,MT-CYB,Gene,25.177,5.201,PTPRZ1 (+1.43); PTN (+1.12); PLP1 (+1.06); METRN (+1.02); VCAN (+0.94)
17,Kameneva,HMGN2,Gene,24.588,3.704,POSTN (+2.13); COL1A2 (+1.21); HNRNPA1 (+1.07); B2M (+1.05); PPIA (+1.04)
18,Kameneva,PTMA,Gene,24.173,6.146,DLK1 (-1.66); VCAN (+1.53); ZEB2 (+1.42); TH (-1.37); MEG3 (-1.31)
19,Kameneva,HINT1,Gene,23.475,4.388,BTF3 (+1.96); RPL41 (+1.90); RPL10 (+1.68); GAPDH (+1.45); HNRNPA1 (+1.37)
20,Kameneva,MEG8,Gene,23.076,5.715,HAND2-AS1 (+1.23); MEG3 (+1.15); CHGA (+1.02); DBH (+0.98); RGS5 (+0.97)
21,Kameneva,UBC,Gene,22.98,2.649,ACTG1 (+1.32); RPL34 (+1.22); EEF2 (+1.09); RPL10 (+1.06); VIM (+0.97)
22,Kameneva,PTPRZ1,Gene,22.279,6.056,RPS4X (-1.06); TMSB10 (-0.86); CHGA (-0.84); RPL41 (-0.74); RPS2 (-0.70)
23,Kameneva,DBH,Gene,22.184,9.88,STMN2 (+3.28); RGS4 (+2.89); EEF1A2 (+2.70); MEG3 (+2.08); PHOX2A (+1.78)
24,Kameneva,SCG2,Gene,21.698,8.286,RPL34 (+1.63); FAU (+1.44); BTF3 (+1.35); EIF4A2 (+1.27); RPS13 (+1.23)
25,Kameneva,STMN2,Gene,20.593,5.508,PTMA (+1.92); CHGA (-1.82); NEFL (+1.72); RTN1 (+1.57); GAP43 (+1.41)
26,Kameneva,RTN1,Gene,20.52,10.383,PENK (-1.96); CARTPT (-1.56); DLK1 (-1.39); S100A10 (+1.29); CHGA (-0.98)
27,Kameneva,BASP1,Gene,20.447,8.486,TMSB10 (+1.13); YBX1 (+0.92); GAPDH (+0.88); PTMA (+0.87); CHGA (-0.81)
28,Kameneva,BEX1,Gene,19.675,5.212,HINT1 (+1.70); PTMA (+1.37); YBX1 (+1.32); HNRNPA1 (+1.31); UCHL1 (+1.07)
29,Kameneva,RAMP1,Gene,18.558,5.149,HMGN2 (+1.23); FAU (+1.15); BTF3 (+1.01); HINT1 (+0.96); ATP5F1E (+0.87)
30,Kameneva,TMSB10,Gene,18.002,8.258,PENK (-1.58); ALDH1A1 (+1.11); CARTPT (-1.11); EDNRB (+0.90); RPL10 (+0.82)
31,Kameneva,TPM1,Gene,17.155,2.865,S100B (+0.68); MEG3 (-0.65); IGFBP2 (+0.64); PNMT (-0.58); TH (-0.54)
32,Kameneva,RGS5,Gene,17.129,6.02,STMN2 (+5.89); RGS4 (+1.72); DBH (+1.30); NPY (+0.98); RPS13 (+0.65)
33,Kameneva,PTMS,Gene,16.87,4.69,ACTG1 (+1.88); YBX1 (+0.95); VIM (+0.85); PLP1 (+0.83); EEF2 (+0.78)
34,Kameneva,PLP1,Gene,16.722,1.604,CARTPT (-0.85); PENK (-0.69); CHGA (-0.68); CHGB (-0.58); RGS4 (-0.55)
35,Kameneva,TH,Gene,16.715,4.563,MEG3 (+1.22); RGS5 (+1.06); RPS29 (+0.89); ATP5F1E (+0.84); RPL30 (+0.82)
36,Kameneva,MAP1B,Gene,16.326,2.349,PRPH (+0.96); GAP43 (+0.93); RTN1 (+0.75); COL1A1 (+0.72); ANXA2 (+0.62)
37,Kameneva,PHOX2A,Gene,16.28,7.145,CHGA (-0.94); PTPRZ1 (-0.85); HTATSF1 (-0.74); MEG3 (-0.68); TIMP3 (-0.68)
38,Kameneva,PENK,Gene,15.844,10.18,RAMP1 (+1.37); DLK1 (+1.34); HMGN2 (+1.10); HMGB2 (+0.76); ANXA2 (-0.72)
39,Kameneva,COL18A1,Gene,15.588,3.53,CHGA (+0.91); TH (+0.78); RGS5 (+0.57); PNMT (+0.55); EEF1A2 (+0.53)
40,Kameneva,ANXA2,Gene,15.268,4.365,COL18A1 (+0.98); IGFBP2 (+0.84); VIM (+0.74); CRYAB (+0.64); COL1A1 (+0.63)
41,Kameneva,SPARC,Gene,14.469,5.439,CHGA (-0.96); TH (-0.81); MPZ (+0.71); OLFML2A (+0.66); LGALS1 (+0.54)
42,Kameneva,OLFML2A,Gene,14.322,5.438,PTPRZ1 (+1.04); HAND2-AS1 (-0.58); EDNRB (+0.52); GAL (-0.50); RGS5 (-0.48)
43,Kameneva,GAP43,Gene,14.266,6.021,GAL (+1.25); TMSB10 (+1.24); RTN1 (+1.04); PRPH (+1.00); PTMA (+0.71)
44,Kameneva,CHGB,Gene,13.931,5.27,ALDH1A1 (-2.17); CHGA (-1.57); PTPRZ1 (-1.45); ZEB2 (-1.19); COL5A2 (-0.68)
45,Kameneva,UCHL1,Gene,12.908,2.319,CHGA (-1.25); RPL10 (+0.67); TMSB10 (+0.65); PTMA (+0.61); LGALS1 (+0.59)
46,Kameneva,MDK,Gene,12.383,4.177,RTN1 (+1.39); PHOX2A (+1.02); GAP43 (+0.65); GAL (+0.54); PENK (-0.42)
47,Kameneva,FAU,Gene,11.762,2.471,RPS4X (+1.49); RPL30 (+1.28); RPL32 (+1.27); RPL12 (+1.27); RPL10 (+1.20)
48,Kameneva,COL1A1,Gene,11.355,3.014,PLP1 (+0.94); OLFML2A (+0.63); COL5A2 (+0.60); VCAN (+0.36); EDNRB (+0.35)
49,Kameneva,PNMT,Gene,11.179,5.053,CHGA (+1.23); ATP5F1E (+1.11); CARTPT (+0.91); HINT1 (+0.71); HTATSF1 (+0.62)
50,Kameneva,VIM,Gene,10.976,8.001,CHGA (-0.80); EEF1A2 (-0.78); GAL (-0.61); RAMP1 (-0.49); CD24 (-0.48)
51,Kameneva,QKI,Gene,10.362,2.449,MEG3 (+0.88); RPL32 (-0.55); RPL41 (-0.54); RPS4X (-0.41); RPS2 (-0.35)
52,Kameneva,PTN,Gene,10.203,1.895,NPY (-0.68); PENK (+0.41); APOE (-0.40); MPZ (-0.38); DBH (-0.37)
53,Kameneva,NRXN1,Gene,9.843,6.209,ACTG1 (-0.52); CHGA (+0.42); QKI (-0.40); COL1A1 (-0.38); EEF1A2 (+0.30)
54,Kameneva,FOS,Gene,9.837,2.256,PTPRZ1 (+1.14); NRXN1 (+0.54); METRN (+0.49); HTATSF1 (-0.40); RGS5 (-0.38)
55,Kameneva,CARTPT,Gene,9.494,4.205,NRXN1 (-1.12); PNMT (+0.69); VCAN (-0.47); HMGN2 (+0.43); PRPH (-0.40)
56,Kameneva,HMGB2,Gene,9.455,2.156,PTMA (+0.55); HMGN2 (+0.52); ATP5F1E (+0.40); H2AFZ (+0.34); RAMP1 (+0.27)
57,Kameneva,H2AFZ,Gene,9.388,2.976,CHGA (-0.98); MEG3 (-0.66); STMN2 (+0.64); HTATSF1 (-0.57); GAL (+0.39)
58,Kameneva,CD24,Gene,8.97,4.078,GAL (+0.73); STMN2 (+0.65); C4orf48 (+0.56); PHOX2A (+0.37); ANXA2 (+0.37)
59,Kameneva,EIF4A2,Gene,8.645,0.72,EDNRB (+0.92); ALDH1A1 (+0.49); VCAN (+0.49); HAND2 (-0.44); OLFML2A (+0.41)
60,Kameneva,GAL,Gene,8.568,3.843,ANXA2 (+0.56); TIMP3 (-0.47); PRPH (+0.33); SCG2 (-0.33); FOS (-0.31)
61,Kameneva,EDNRB,Gene,8.336,2.475,MDK (-0.39); HMGN2 (-0.39); RPS2 (-0.33); RGS5 (-0.31); B2M (-0.27)
62,Kameneva,VCAN,Gene,8.293,5.561,MAP1B (-0.74); RPL34 (-0.72); UCHL1 (-0.39); BASP1 (-0.38); GAP43 (-0.30)
63,Kameneva,CNTN1,Gene,7.937,3.91,EIF4A2 (+0.57); CHGB (+0.44); NPY (+0.43); TH (+0.40); PCSK1N (+0.39)
64,Kameneva,CRYAB,Gene,7.907,2.586,RGS4 (-0.45); RAMP1 (-0.39); GAP43 (-0.34); CHGA (-0.32); C4orf48 (-0.29)
65,Kameneva,APOE,Gene,7.864,2.07,RPS2 (-0.48); VIM (-0.35); ATP5F1E (-0.33); RAMP1 (+0.31); PPIA (-0.29)
66,Kameneva,PRPH,Gene,7.718,2.158,HMGN2 (-0.76); FOS (-0.71); METRN (-0.56); RAMP1 (-0.53); CARTPT (-0.47)
67,Kameneva,MPZ,Gene,7.641,3.778,HAND2-AS1 (-0.49); MDK (-0.40); GAL (-0.39); CD24 (-0.31); OLFML2A (+0.31)
68,Kameneva,RGS4,Gene,7.141,4.029,DBH (+0.73); PCSK1N (+0.68); EEF1A2 (+0.56); RGS5 (+0.49); CNTN1 (+0.34)
69,Kameneva,S100A10,Gene,7.141,1.727,VIM (+0.72); RPL12 (+0.55); RTN1 (-0.40); PTPRZ1 (-0.38); PLP1 (-0.34)
70,Kameneva,COL1A2,Gene,6.969,1.632,STMN2 (-0.42); SPARC (+0.38); PLP1 (+0.37); PCSK1N (-0.37); CD24 (-0.26)
71,Kameneva,EEF2,Gene,6.96,3.015,POSTN (+0.65); PTPRZ1 (+0.47); PLP1 (+0.46); COL5A2 (+0.38); COL18A1 (+0.36)
72,Kameneva,IFITM3,Gene,6.941,1.537,VIM (-0.34); HNRNPA1 (-0.27); GAL (-0.26); ZEB2 (-0.23); S100A10 (-0.22)
73,Kameneva,TIMP3,Gene,6.873,0.804,OLFML2A (+0.45); ITM2B (+0.33); COL5A2 (+0.31); PLP1 (+0.26); ZEB2 (+0.26)
74,Kameneva,S100B,Gene,6.866,2.592,NRXN1 (-0.46); POSTN (-0.42); RPS29 (+0.39); VIM (+0.33); VCAN (-0.31)
75,Kameneva,LGALS1,Gene,6.721,1.169,RAMP1 (-0.34); COL18A1 (+0.34); VIM (+0.29); MDK (-0.25); B2M (+0.25)
76,Kameneva,ACTG1,Gene,6.416,4.368,HMGN2 (-0.89); STMN2 (-0.61); HMGB2 (-0.55); CNTN1 (-0.44); CD24 (-0.35)
77,Kameneva,METRN,Gene,6.152,2.729,PLP1 (-0.45); PHOX2A (-0.43); SPARC (-0.30); QKI (-0.28); COL1A1 (-0.22)
78,Kameneva,B2M,Gene,5.998,0.554,IFITM3 (+0.48); HMGB2 (+0.35); GAL (+0.33); EEF1A2 (-0.26); SCG2 (-0.26)
79,Kameneva,RPL41,Gene,5.773,2.905,HNRNPA1 (-0.40); RTN1 (-0.39); OLFML2A (-0.33); S100A10 (-0.31); SPARC (-0.30)
80,Kameneva,NEFL,Gene,5.681,1.614,PTN (-0.59); B2M (-0.57); PNMT (-0.51); HMGN2 (-0.51); CARTPT (-0.43)
81,Kameneva,GAPDH,Gene,5.29,3.767,BEX1 (-0.49); CNTN1 (-0.49); STMN2 (-0.46); PCSK1N (-0.37); PTMA (+0.33)
82,Kameneva,C4orf48,Gene,5.154,2.0,HMGB2 (-0.48); CRYAB (+0.38); CHGA (+0.34); HTATSF1 (+0.27); UCHL1 (+0.22)
83,Kameneva,EEF1A2,Gene,5.135,2.361,EEF2 (+0.52); UCHL1 (+0.37); EIF4A2 (+0.37); GAP43 (-0.32); CARTPT (-0.28)
84,Kameneva,YBX1,Gene,4.87,1.506,ATP5F1E (+0.55); PPIA (+0.54); PTMA (+0.48); GAPDH (+0.24); IGFBP2 (+0.22)
85,Kameneva,NPY,Gene,4.701,1.882,PHOX2A (+0.38); PTN (-0.34); CD24 (+0.30); CHGA (+0.25); MAP1B (+0.23)
86,Kameneva,S100A6,Gene,4.213,1.309,PHOX2A (+0.30); DBH (-0.27); RGS5 (-0.25); SCG2 (-0.21); TH (-0.17)
87,Kameneva,RPS4X,Gene,3.512,3.332,GAP43 (-0.88); RGS5 (-0.60); MAP1B (-0.33); RGS4 (-0.26); BASP1 (-0.26)
88,Kameneva,IGFBP2,Gene,3.355,0.377,STMN2 (-0.33); PTN (+0.24); ACTG1 (-0.17); RAMP1 (+0.17); APOE (+0.17)
89,Kameneva,RPL34,Gene,3.328,2.194,IFITM3 (-0.66); MAP1B (-0.40); MDK (-0.39); MEG3 (+0.35); POSTN (-0.27)
90,Kameneva,RPS2,Gene,3.279,3.59,GAL (-0.74); PHOX2A (-0.44); BASP1 (-0.22); RTN1 (-0.21); COL18A1 (-0.19)
91,Kameneva,BTF3,Gene,3.262,2.263,POSTN (-0.48); ALDH1A1 (-0.26); TPM1 (-0.24); GAL (-0.23); COL1A2 (-0.16)
92,Kameneva,HNRNPA1,Gene,3.227,1.893,PHOX2A (-0.45); CD24 (-0.38); TH (-0.29); PTN (-0.19); HAND2 (-0.17)
93,Kameneva,ITM2B,Gene,2.869,1.126,RPL10 (+0.20); RPL12 (+0.19); EDNRB (+0.16); B2M (+0.12); RPS2 (+0.11)
94,Kameneva,PPIA,Gene,2.688,1.356,MEG3 (+0.51); CHGA (+0.27); POSTN (+0.15); BASP1 (-0.10); GAPDH (+0.10)
95,Kameneva,RPL32,Gene,2.255,1.965,RGS4 (-0.67); IFITM3 (-0.31); HTATSF1 (-0.30); HAND2-AS1 (-0.23); HMGN2 (-0.22)
96,Kameneva,RPL12,Gene,2.018,1.363,MDK (-0.39); CRYAB (-0.25); POSTN (-0.21); NRXN1 (-0.20); PLP1 (-0.14)
97,Kameneva,RPL10,Gene,1.875,1.072,PTN (-0.54); APOE (-0.30); TH (-0.14); RPL32 (+0.09); TPM1 (-0.08)
98,Kameneva,RPS29,Gene,1.294,0.779,RGS5 (-0.27); APOE (-0.17); NPY (-0.16); CNTN1 (-0.09); NEFL (-0.07)
1,Schiebinger,Dox,Stimulus,59.088,4.007,Dmrtc2 (+3.64); Dppa5a (-3.08); Vcam1 (+2.26); Gm26917 (+2.18); Nme2 (+1.85)
2,Schiebinger,Fabp3,Gene,53.082,9.778,Dppa5a (+3.06); Mylpf (+2.74); Mybl2 (+2.07); Zfp42 (+1.77); Fmr1nb (+1.75)
3,Schiebinger,Dppa5a,Gene,47.204,5.487,Fmr1nb (+3.12); Vbp1 (+2.38); Msx2 (-2.28); Sox2 (+2.21); Obox6 (+2.16)
4,Schiebinger,S100a6,Gene,42.407,7.778,Dppa5a (-3.94); Hesx1 (-1.12); Zfp42 (-1.00); Cited2 (+0.87); Lncenc1 (-0.86)
5,Schiebinger,Mylpf,Gene,28.544,12.236,Lncenc1 (+2.90); Esrrb (+2.21); Hesx1 (+2.04); Zfp42 (+1.95); Dppa5a (+1.79)
6,Schiebinger,Gstp1,Gene,27.07,2.649,Gm26917 (+1.32); Gabarap (+1.20); Txnip (+1.06); Ypel3 (+1.02); Prss23 (+0.92)
7,Schiebinger,Serum,Stimulus,26.918,2.08,Tnfrsf12a (-2.86); Ereg (-2.38); AY036118 (+1.51); Gadd45b (-1.40); Snhg6 (-1.38)
8,Schiebinger,Cdkn2a,Gene,25.192,6.199,Cdkn2b (+1.05); Fos (+0.96); Gabarap (+0.91); Egr1 (+0.85); AY036118 (+0.81)
9,Schiebinger,Tnfrsf12a,Gene,25.18,5.143,Ereg (+1.85); Myc (+0.88); Gng12 (+0.78); Gm26917 (+0.74); S100a6 (+0.74)
10,Schiebinger,Xist,Gene,22.631,3.971,Ypel3 (-1.18); AY036118 (-1.06); Cyb5r3 (-0.96); Mrps24 (-0.91); Ggh (-0.85)
11,Schiebinger,Txnip,Gene,22.485,4.308,Nme2 (-1.74); Hist1h2ap (-1.39); Gstp1 (-1.13); 2810417H13Rik (-0.84); Bhlhe40 (+0.79)
12,Schiebinger,Krt8,Gene,21.895,2.805,Wnt7b (+1.95); Batf3 (+1.88); Msx2 (+1.81); Pdgfb (+1.25); Fabp3 (+1.21)
13,Schiebinger,Ereg,Gene,21.292,6.782,Myc (+1.68); Bgn (+1.24); Lox (+1.24); Fam20c (+1.16); Egr1 (+1.06)
14,Schiebinger,Chchd10,Gene,21.287,3.045,Dppa5a (+2.13); Esrrb (+0.95); Cldn7 (+0.91); Zfp42 (+0.84); Epcam (+0.82)
15,Schiebinger,Gm26917,Gene,20.173,2.435,Snhg9 (+1.27); Scand1 (+1.20); Erdr1 (+1.10); Vbp1 (+0.94); Rala (+0.91)
16,Schiebinger,Tmem35,Gene,19.404,2.748,Gm26917 (-1.14); Nme2 (-0.87); Hist1h2ap (-0.70); Snhg9 (-0.67); Myc (-0.55)
17,Schiebinger,S100a1,Gene,19.008,5.659,Nfic (+0.62); Bhlhe40 (+0.60); Vcam1 (+0.57); Blvrb (+0.48); Klf4 (+0.41)
18,Schiebinger,Marcksl1,Gene,18.284,3.9,Col1a2 (-1.17); Nfic (-0.98); Cdkn2b (-0.86); Prss23 (-0.81); Epcam (+0.68)
19,Schiebinger,2810417H13Rik,Gene,18.187,8.134,Ereg (-3.66); Vcam1 (-0.90); Cdkn2a (+0.82); 1110008F13Rik (-0.68); Id3 (+0.68)
20,Schiebinger,Ecscr,Gene,17.6,2.222,Bgn (+0.89); Col1a2 (+0.82); Lox (+0.68); Ereg (+0.59); Egr1 (+0.59)
21,Schiebinger,Nme2,Gene,17.562,1.808,Vbp1 (+0.88); Txnip (+0.81); Ggh (+0.77); Gadd45b (+0.77); Prkcdbp (+0.74)
22,Schiebinger,Scand1,Gene,17.527,3.263,Ncam1 (-1.28); Bgn (-0.90); Nfic (-0.63); Lox (-0.59); Col1a2 (-0.58)
23,Schiebinger,Nmt1,Gene,17.098,1.493,Snhg9 (+1.65); Col1a2 (+1.24); Dmrtc2 (-0.92); Prr5 (+0.92); Vps8 (+0.71)
24,Schiebinger,Sdc4,Gene,16.949,5.855,Bhlhe40 (+0.75); Ereg (+0.73); Vapa (+0.68); Nmt1 (+0.66); Vps8 (+0.64)
25,Schiebinger,Lox,Gene,16.591,3.65,Dmrtc2 (-1.43); Snhg9 (+1.35); Col1a2 (+0.98); Vcam1 (+0.77); Gm26917 (-0.72)
26,Schiebinger,Thbs1,Gene,16.534,5.502,Ncam1 (+1.11); Tnfrsf12a (+0.90); Prss23 (+0.80); Col1a2 (+0.76); Lox (+0.65)
27,Schiebinger,Fam162a,Gene,15.892,3.261,Dmrtc2 (+1.34); Gstp1 (+0.95); Col1a2 (-0.80); Nupr1 (-0.73); Nme2 (+0.66)
28,Schiebinger,AY036118,Gene,15.771,2.238,Marcksl1 (+0.76); Vps8 (+0.55); Scand1 (+0.52); Vbp1 (+0.49); Tomm40 (+0.48)
29,Schiebinger,Nupr1,Gene,15.728,3.132,Snhg9 (-0.73); Ddit3 (+0.65); Gstp1 (+0.63); Fam162a (+0.63); Dppa5a (+0.56)
30,Schiebinger,Sri,Gene,15.021,4.617,Dppa5a (-1.24); Fos (+0.54); Gabarap (+0.49); Tcl1 (-0.42); Esrrb (-0.42)
31,Schiebinger,Dmrtc2,Gene,14.262,3.646,Nmt1 (+0.92); Msx2 (-0.85); Id3 (-0.62); Hes1 (+0.62); Fabp3 (-0.59)
32,Schiebinger,Id3,Gene,14.006,2.887,Shisa8 (-0.57); AY036118 (+0.56); Dmrtc2 (+0.56); Cdkn2a (+0.52); Gabarap (+0.51)
33,Schiebinger,Zfp42,Gene,13.996,5.332,Tcl1 (+1.69); Obox6 (+1.49); Klf2 (+1.21); Spic (+0.99); Fmr1nb (+0.95)
34,Schiebinger,Tomm40,Gene,13.941,2.657,Prss23 (-0.55); S100a1 (-0.53); Id3 (-0.50); Bgn (-0.45); Nme2 (-0.43)
35,Schiebinger,Hist1h2ap,Gene,13.893,2.706,Tmem35 (+1.21); Ggh (+1.03); AY036118 (+0.98); Gm26917 (+0.89); Nmt1 (-0.83)
36,Schiebinger,Ncam1,Gene,13.886,3.829,Tnfrsf12a (-0.72); Col1a2 (-0.72); Sdc4 (-0.71); Thbs1 (-0.67); Lox (-0.66)
37,Schiebinger,Col1a2,Gene,13.678,2.179,Epcam (-1.66); Dmrtc2 (-0.94); Elf3 (-0.72); Cldn7 (-0.67); Lox (+0.51)
38,Schiebinger,Bgn,Gene,13.238,1.616,Vcam1 (+0.86); Dmrtc2 (-0.59); Scand1 (+0.58); Cdkn2a (-0.54); Hist1h2ap (+0.54)
39,Schiebinger,Egr1,Gene,12.88,3.556,Mgp (-0.54); Epcam (+0.51); Gabarap (-0.47); Cdkn2a (-0.46); Sdc4 (-0.45)
40,Schiebinger,Ctsl,Gene,12.606,3.601,Scand1 (+0.60); Csrp2 (+0.47); Tmem35 (+0.42); Vapa (+0.37); Marcksl1 (+0.36)
41,Schiebinger,Epcam,Gene,12.235,3.3,Cldn7 (+1.63); Nmt1 (+0.73); Dppa5a (-0.66); Chchd10 (-0.42); Elf3 (+0.40)
42,Schiebinger,Rala,Gene,12.13,1.09,Col1a2 (-0.65); Cldn7 (+0.36); Prkcdbp (-0.36); Prss23 (-0.35); Gm26917 (-0.32)
43,Schiebinger,Prss23,Gene,11.774,3.387,Marcksl1 (+0.69); Prkcdbp (+0.51); Lox (+0.43); Ncam1 (+0.39); Dynll2 (+0.37)
44,Schiebinger,Myc,Gene,11.705,2.792,Mybl2 (+0.54); Vbp1 (+0.48); Hmgn5 (+0.47); Ube2s (+0.46); Snhg9 (+0.44)
45,Schiebinger,Pou3f1,Gene,11.667,3.753,Ascl2 (-2.23); Gata3 (+0.98); Pdgfb (+0.65); Wnt7b (+0.63); Msx2 (+0.59)
46,Schiebinger,Gadd45b,Gene,11.628,2.385,Hist1h2ap (-0.83); Lox (+0.46); 2810417H13Rik (-0.40); Thbs1 (+0.38); Prss23 (+0.36)
47,Schiebinger,Pitx2,Gene,11.574,8.219,Hesx1 (+1.02); Nr2f1 (+0.92); Pparg (+0.90); Esrrb (+0.87); Batf3 (+0.87)
48,Schiebinger,Ascl2,Gene,10.919,11.704,Spic (+2.38); Dppa4 (+2.09); Shisa8 (+1.11); Pou3f1 (+0.93); Mycn (+0.60)
49,Schiebinger,Csrp2,Gene,10.818,1.403,Id3 (+0.47); Nmt1 (-0.38); Nupr1 (+0.37); Chchd10 (+0.37); Ube2s (+0.30)
50,Schiebinger,Gabarap,Gene,10.75,2.907,Ncam1 (+0.51); Xist (+0.47); Egr1 (+0.43); Lox (+0.36); AY036118 (+0.35)
51,Schiebinger,1110008F13Rik,Gene,10.683,2.975,Ncam1 (-0.53); Lox (-0.48); Prkcdbp (-0.42); S100a6 (-0.42); Tomm40 (-0.36)
52,Schiebinger,Ggh,Gene,10.501,3.214,Dmrtc2 (+0.82); Gata3 (-0.45); Batf3 (-0.42); Pparg (-0.42); Spic (-0.36)
53,Schiebinger,Mgp,Gene,10.349,1.115,Bgn (+1.08); Ncam1 (+0.91); Col1a2 (+0.82); Egr1 (+0.64); Lox (+0.64)
54,Schiebinger,Elf3,Gene,10.216,3.743,Hesx1 (+1.54); Esrrb (+0.85); Tcl1 (+0.76); Sox2 (+0.69); Zfp42 (+0.63)
55,Schiebinger,Nfic,Gene,10.056,2.235,Gm26917 (-0.49); AY036118 (-0.44); Xist (-0.41); S100a6 (-0.35); 1110008F13Rik (-0.32)
56,Schiebinger,Mrps24,Gene,10.035,1.449,Lox (-0.40); Cdkn2a (+0.39); Hist1h2ap (+0.38); Tnfrsf12a (-0.36); Ereg (-0.34)
57,Schiebinger,Snhg6,Gene,9.744,3.423,Cdkn2b (-0.54); Wnt7b (-0.43); Prr5 (+0.43); Cdkn2a (-0.37); AY036118 (-0.35)
58,Schiebinger,Bhlhe40,Gene,9.552,3.293,Mrps24 (-0.42); Col1a2 (-0.34); Tax1bp3 (-0.34); Gabarap (-0.33); Scand1 (-0.32)
59,Schiebinger,Ccl7,Gene,9.507,1.756,Rala (-0.35); Mybl2 (-0.32); Tomm40 (-0.32); Fabp3 (-0.29); Snhg9 (-0.29)
60,Schiebinger,Erdr1,Gene,9.469,1.707,Gm26917 (-0.35); Msx2 (-0.34); Gstp1 (-0.33); Gabarap (-0.32); Sdc4 (-0.27)
61,Schiebinger,Snhg9,Gene,9.415,2.706,Gm26917 (-1.55); AY036118 (-0.92); Xist (-0.72); Bgn (-0.56); Hes1 (-0.39)
62,Schiebinger,Ddit3,Gene,9.405,3.011,Dppa5a (+0.74); Snhg6 (+0.44); Id3 (-0.41); Hmgn5 (+0.40); Hesx1 (+0.39)
63,Schiebinger,Hspb1,Gene,9.198,1.919,Cdkn2a (-0.41); Scand1 (+0.40); Rala (+0.39); 1110008F13Rik (+0.35); Marcksl1 (+0.34)
64,Schiebinger,Klf2,Gene,9.131,1.658,Spic (+0.67); Dppa4 (+0.46); Nme2 (+0.37); Obox6 (+0.36); Bgn (+0.35)
65,Schiebinger,Nr2f1,Gene,9.103,3.476,Lncenc1 (+0.60); Esrrb (+0.57); Dppa5a (+0.54); Hesx1 (+0.52); Wnt7b (+0.47)
66,Schiebinger,Hes1,Gene,8.949,2.692,Col1a2 (+0.55); Dmrtc2 (-0.53); Lox (+0.37); Krt8 (-0.35); Ncam1 (+0.35)
67,Schiebinger,Gng12,Gene,8.821,1.436,Dppa5a (-0.90); Ncam1 (-0.54); 2810417H13Rik (+0.44); Sdc4 (-0.36); Mybl2 (+0.33)
68,Schiebinger,Msx2,Gene,8.702,2.287,Batf3 (+2.29); Pdgfb (+1.41); Wnt7b (+0.70); Gata3 (+0.66); Pparg (+0.43)
69,Schiebinger,Cldn7,Gene,8.432,5.14,Elf3 (+0.75); Fabp3 (+0.50); Cdkn2b (+0.42); Fos (+0.40); Wnt7b (+0.38)
70,Schiebinger,Ube2s,Gene,8.405,2.096,Gm26917 (+0.59); Cenpm (+0.57); Fam162a (+0.53); AY036118 (+0.42); Mybl2 (+0.40)
71,Schiebinger,Cenpm,Gene,8.386,2.019,Dmrtc2 (+1.02); Epcam (+0.48); Cldn7 (+0.37); Nr2f1 (-0.34); AY036118 (+0.31)
72,Schiebinger,Pparg,Gene,8.325,6.616,Wnt7b (+1.16); Batf3 (+0.63); Msx2 (+0.54); Pitx2 (+0.31); Nme2 (+0.28)
73,Schiebinger,Fam20c,Gene,8.321,2.663,Mybl2 (+0.65); 2810417H13Rik (+0.60); Ube2s (+0.43); Hist1h2ap (+0.40); Mgp (-0.38)
74,Schiebinger,Tax1bp3,Gene,8.249,1.024,Gm26917 (+0.42); Bhlhe40 (+0.37); Xist (+0.35); Mrps24 (+0.31); Wnt7b (+0.29)
75,Schiebinger,Fmr1nb,Gene,8.166,5.584,Tcl1 (+0.86); Sdc4 (+0.69); Dppa4 (+0.68); Zfp42 (+0.68); Wnt7b (-0.59)
76,Schiebinger,Bbx,Gene,8.11,1.631,Cldn7 (+0.40); Mybl2 (+0.30); Gabarap (-0.29); Col1a2 (-0.28); AY036118 (-0.25)
77,Schiebinger,Vcam1,Gene,8.045,2.148,Ereg (-1.29); 2810417H13Rik (+0.63); Hist1h2ap (+0.53); Ube2s (+0.50); Sdc4 (-0.37)
78,Schiebinger,Dynll2,Gene,7.917,1.855,Prss23 (-0.36); Tnfrsf12a (-0.33); Spic (+0.30); Hist1h2ap (+0.29); Mybl2 (+0.29)
79,Schiebinger,Ovol2,Gene,7.777,6.191,Ascl2 (+1.49); Shisa8 (+1.16); Mycn (+1.01); Pou3f1 (+0.95); Batf3 (+0.49)
80,Schiebinger,Hmgn5,Gene,7.672,2.312,Nme2 (-0.45); Gm26917 (-0.33); Vcam1 (-0.31); Hist1h2ap (-0.30); Nr2f1 (-0.22)
81,Schiebinger,Vbp1,Gene,7.321,2.79,Nme2 (-0.54); Gm26917 (-0.41); Gstp1 (-0.37); Myc (-0.34); Hist1h2ap (-0.32)
82,Schiebinger,Cited2,Gene,7.032,1.512,Pparg (+0.37); Nmt1 (-0.26); Gata2 (+0.26); Batf3 (+0.25); Wnt7b (+0.24)
83,Schiebinger,Obox6,Gene,7.032,4.117,Tcl1 (+1.62); Dppa4 (+1.18); Fmr1nb (+0.91); Zfp42 (+0.66); Spic (+0.48)
84,Schiebinger,Cyb5r3,Gene,7.003,2.605,Vcam1 (+0.26); Bhlhe40 (+0.26); Hmgn5 (+0.20); Col1a2 (+0.20); Cited2 (+0.18)
85,Schiebinger,Cdkn2b,Gene,6.821,1.465,Ube2s (-0.32); Wnt7b (+0.31); Marcksl1 (+0.29); Snhg9 (-0.28); Ypel3 (+0.27)
86,Schiebinger,Mybl2,Gene,6.816,1.278,Cldn7 (+0.36); Batf3 (-0.33); Epcam (+0.32); Col1a2 (-0.29); Cenpm (+0.24)
87,Schiebinger,Ypel3,Gene,6.59,0.768,Gstp1 (-0.44); Epcam (+0.40); AY036118 (-0.35); Krt8 (+0.30); Hist1h2ap (-0.30)
88,Schiebinger,Lncenc1,Gene,6.407,1.472,Hesx1 (+0.97); Esrrb (+0.96); Obox6 (+0.71); Spic (+0.43); Dppa5a (+0.31)
89,Schiebinger,Cdc5l,Gene,6.407,2.797,Ddit3 (+0.22); Mrps24 (+0.22); Zfp42 (+0.19); Pdgfb (-0.18); Tcl1 (+0.18)
90,Schiebinger,Tcl1,Gene,6.311,4.899,Obox6 (+1.50); Sox2 (+0.79); Fmr1nb (+0.76); Lncenc1 (+0.59); Zfp42 (+0.33)
91,Schiebinger,Klf4,Gene,5.847,1.108,Batf3 (-0.58); Wnt7b (-0.44); Krt8 (-0.36); Pdgfb (-0.26); Gata3 (-0.23)
92,Schiebinger,Vapa,Gene,5.839,1.577,Bhlhe40 (-0.26); Mrps24 (-0.19); Shisa8 (+0.19); Ncam1 (-0.18); Xist (-0.16)
93,Schiebinger,Spic,Gene,5.502,2.197,Dppa4 (+1.15); Ovol2 (+0.43); Ascl2 (+0.41); Mycn (+0.31); Batf3 (-0.28)
94,Schiebinger,Psme1,Gene,5.182,1.736,Tmem35 (+0.36); Cldn7 (+0.21); Chchd10 (-0.18); Scand1 (+0.17); Elf3 (+0.16)
95,Schiebinger,Gata2,Gene,5.177,1.987,Cited2 (-0.28); Spic (+0.27); Mylpf (-0.26); Wnt7b (-0.20); Epcam (-0.19)
96,Schiebinger,Blvrb,Gene,5.125,0.942,Fabp3 (+0.34); Hesx1 (+0.28); Batf3 (-0.28); Elf3 (+0.19); Pdgfb (-0.19)
97,Schiebinger,Shisa8,Gene,5.116,3.203,Ovol2 (+0.82); Spic (+0.81); Ascl2 (+0.34); Mycn (+0.26); Nr2f1 (+0.21)
98,Schiebinger,Prr5,Gene,4.978,2.657,Gm26917 (+0.26); Mycn (-0.20); Msx2 (+0.19); Shisa8 (+0.18); Fabp3 (-0.18)
99,Schiebinger,Dppa4,Gene,4.978,4.103,Obox6 (+0.76); Spic (+0.65); Tcl1 (+0.37); Zfp42 (+0.32); Prr5 (+0.26)
100,Schiebinger,Prkcdbp,Gene,4.924,0.378,Snhg6 (-0.43); Id3 (+0.40); AY036118 (-0.38); Nupr1 (+0.33); Scand1 (+0.29)
101,Schiebinger,Fos,Gene,4.864,1.452,Sri (-0.30); Ube2s (-0.29); Sdc4 (-0.21); Ctsl (-0.20); Tmem35 (+0.17)
102,Schiebinger,Pdgfb,Gene,4.349,3.386,Gata3 (+0.75); Msx2 (+0.72); Batf3 (+0.45); Pparg (+0.39); Ncam1 (-0.32)
103,Schiebinger,Wnt7b,Gene,4.277,2.077,Krt8 (-0.35); Ube2s (+0.34); Pparg (+0.32); Fos (-0.31); Ncam1 (-0.30)
104,Schiebinger,Esrrb,Gene,4.149,2.255,Hesx1 (+1.35); Lncenc1 (+0.93); Dppa5a (+0.43); Msx2 (-0.26); Hes1 (+0.14)
105,Schiebinger,Sox2,Gene,3.979,1.433,Gm26917 (+0.72); Krt8 (-0.44); Hes1 (+0.34); Batf3 (-0.30); Wnt7b (-0.26)
106,Schiebinger,Batf3,Gene,3.939,2.28,Msx2 (+0.52); Wnt7b (+0.47); Gata3 (+0.35); Pdgfb (+0.21); Egr1 (-0.17)
107,Schiebinger,Vps8,Gene,3.583,2.507,Id3 (+0.26); Ypel3 (-0.21); Klf4 (-0.18); Vcam1 (-0.15); Snhg6 (-0.15)
108,Schiebinger,Mycn,Gene,3.392,2.293,Spic (+0.43); Pou3f1 (+0.38); Ovol2 (+0.23); Ascl2 (+0.23); Zfp42 (+0.19)
109,Schiebinger,Gata3,Gene,3.346,1.791,Batf3 (+0.64); Pdgfb (+0.30); Pparg (+0.22); Cited2 (-0.20); Obox6 (+0.19)
110,Schiebinger,Hesx1,Gene,1.946,1.244,Esrrb (+0.70); Zfp42 (+0.12); Nupr1 (+0.11); Cdc5l (+0.11); Spic (+0.10)
