gene,species,match,matched_symbol,ortholog,mrna_half_life_h,mrna_source,mrna_neighbors,protein_half_life_h,protein_source,protein_neighbors,d0,d1,d0_assigned,d1_assigned
Ascl1,mouse,symbol,Ascl1,ASCL1,6.646336101002333,estimated:family+function,"family: Basic helix-loop-helix proteins: Mnt,Ncoa2,Ncoa3,Id1 | function: Nfib (0.18), Kdm1a (0.15), Nr2f1 (0.15), Smad2 (0.15), Yap1 (0.15), Rbpj (0.14), Foxp1 (0.14), Cux1 (0.14)",18.87533626914195,estimated:family+function,"family: Basic helix-loop-helix proteins: Mnt,Ncoa2,Ncoa3,Id1,Max | function: Nfib (0.18), Kdm1a (0.15), Nr2f1 (0.15), Smad2 (0.15), Yap1 (0.15), Rbpj (0.14), Foxp1 (0.14), Cux1 (0.14)",0.1042901186497944,0.03672237520309114,0.03,0.02
Cd24a,mouse,symbol,Cd24a,CD24,12.909035520961988,estimated:ortholog+function,"ortholog: CD24 (human) | function: Cd44 (0.20), Lgals9 (0.18), Fadd (0.17), Dnaja3 (0.17), Tfrc (0.16), Ripk2 (0.16), Cd81 (0.16), Irgm1 (0.16)",48.81371180067704,estimated:function,"function: Cd44 (0.20), Lgals9 (0.18), Hmgb1 (0.17), Fadd (0.17), Dnaja3 (0.17), Tfrc (0.16), Ripk2 (0.16), Cd81 (0.16)",0.053694730286735756,0.014199845801325262,0.2,0.02
Cdh2,mouse,symbol,Cdh2,CDH2,19.230000000000004,measured,,13.209999999999999,measured,,0.03604509519292486,0.05247139898258481,0.03,0.02
Cer1,mouse,symbol,Cer1,CER1,9.680355787265848,estimated:function,"function: Ctdspl2 (0.19), Rbpms2 (0.16), Smad2 (0.15), Lemd3 (0.14), Twsg1 (0.13), Ecm1 (0.13), Hspg2 (0.13), Sik3 (0.12)",27.72929355159531,estimated:function,"function: Ctdspl2 (0.19), Rbpms2 (0.16), Smad2 (0.15), Lemd3 (0.14), Twsg1 (0.13), Ecm1 (0.13), Hspg2 (0.13), Sik3 (0.12)",0.07160348191662076,0.024996928943401355,0.2,0.02
Col4a2,mouse,symbol,Col4a2,COL4A2,24.340000000000003,measured,,3.8300000000000014,measured,,0.028477698461789037,0.180978376125312,0.01,0.05
Dab2,mouse,symbol,Dab2,DAB2,8.109999999999998,measured,,21.68,measured,,0.08546820968679969,0.03197173342066168,0.01,0.05
Dnmt3a,mouse,symbol,Dnmt3a,DNMT3A,8.533140665816143,estimated:ortholog+family+function,"ortholog: DNMT3A (human) | family: PWWP domain containing: Nsd2,Msh6,Zmynd8,Glyr1,Brd1 | function: Dnmt1 (0.26), Ctcf (0.23), Ehmt2 (0.22), Suz12 (0.22), Mbd2 (0.22), Eed (0.22), Mbd3 (0.21), H2az1 (0.20)",28.233251418190704,estimated:family+function,"family: PWWP domain containing: Nsd2,Msh6,Zmynd8,Glyr1,Brd1 | function: Dnmt1 (0.26), Ctcf (0.23), Ehmt2 (0.22), Suz12 (0.22), Mbd2 (0.22), Eed (0.22), Mbd3 (0.21), H2az1 (0.20)",0.08123001925149326,0.024550738782900153,0.2,0.02
Dnmt3b,mouse,symbol,Dnmt3b,DNMT3B,8.088437005122328,estimated:ortholog+family+function,"ortholog: DNMT3B (human) | family: PWWP domain containing: Nsd2,Msh6,Zmynd8,Glyr1,Brd1 | function: Dnmt1 (0.33), Mta2 (0.33), Atf7ip (0.30), Spen (0.30), Ctcf (0.28), Spin1 (0.27), Pphln1 (0.27), Eed (0.27)",26.59422577154485,estimated:family+function,"family: PWWP domain containing: Nsd2,Msh6,Zmynd8,Glyr1,Brd1 | function: Dnmt1 (0.33), Mta2 (0.33), Atf7ip (0.30), Spen (0.30), Ctcf (0.28), Spin1 (0.27), Pphln1 (0.27), Eed (0.27)",0.0856960597110396,0.02606382251975898,0.2,0.02
Dppa2,mouse,symbol,Dppa2,DPPA2,8.616244706732148,estimated:function,"function: Rbbp9 (0.25), Fam50a (0.21), Cggbp1 (0.20), Zfp422 (0.19), Hmgn5 (0.18), Setd1a (0.18), Fndc3b (0.18), Pdcd2 (0.18)",41.937205331165835,estimated:function,"function: Rbbp9 (0.25), H3c13 (0.22), Fam50a (0.21), Cggbp1 (0.20), Zfp422 (0.19), Hmgn5 (0.18), Setd1a (0.18), Fndc3b (0.18)",0.08044655231511323,0.016528215819017145,0.2,0.02
Dppa3,mouse,symbol,Dppa3,DPPA3,8.765057132170295,estimated:function,"function: Tnrc18 (0.31), Cbx1 (0.31), Brd3 (0.23), Glyr1 (0.20), Hdgfl2 (0.20), H2az2 (0.19), Cggbp1 (0.19), Cbx3 (0.18)",52.38320634852724,estimated:function,"function: Tnrc18 (0.31), Cbx1 (0.31), H3c13 (0.25), Brd3 (0.23), H2ac23 (0.21), H2ac20 (0.21), H2ac21 (0.21), H2ac10 (0.21)",0.07908073730813399,0.013232240423546223,0.075,0.0075
Dppa4,mouse,symbol,Dppa4,DPPA4,8.25155159458795,estimated:function,"function: Rbm45 (0.25), Rbbp9 (0.23), Dnajc7 (0.19), Zranb2 (0.19), AI597479 (0.18), Zfp422 (0.18), Utp3 (0.17), Hikeshi (0.17)",31.093536777248907,estimated:function,"function: Rbm45 (0.25), Rbbp9 (0.23), Dnajc7 (0.19), Zranb2 (0.19), AI597479 (0.18), Zfp422 (0.18), Utp3 (0.17), Hikeshi (0.17)",0.08400204162991219,0.022292323498789627,0.2,0.02
Esrrb,mouse,symbol,Esrrb,ESRRB,6.547683951399359,estimated:ortholog+paralog_low+function,"ortholog: ESRRB (human) | paralog_low: Nr3c1 (23%) | function: Ncoa3 (0.24), Gabpa (0.23), Junb (0.21), Ctr9 (0.20), Kdm3a (0.19), Wbp2 (0.19), Nr2f1 (0.19), Tead3 (0.19)",106.99410068942028,estimated:ortholog+paralog_low+function,"ortholog: ESRRB (human) | paralog_low: Nr3c1 (23%) | function: Ncoa3 (0.24), Gabpa (0.23), Junb (0.21), Ctr9 (0.20), Kdm3a (0.19), Wbp2 (0.19), Nr2f1 (0.19), Tead3 (0.19)",0.10586142912591362,0.006478368209963231,0.075,0.0075
Fgf4,mouse,symbol,Fgf4,FGF4,9.536524846274563,estimated:family+function,"family: Receptor ligands: Arhgdib,Calm3,Calm2,Bid,Lgals9,Copa,Rac3,Calm1 | function: Mydgf (0.22), Prrx2 (0.20), Prrx1 (0.20), Ror2 (0.19), Ctf1 (0.19), Phip (0.17), Ccn1 (0.17), Cnot9 (0.17)",22.44737255601904,estimated:family+function,"family: Receptor ligands: Arhgdib,Calm3,Calm2,Bid,Lgals9,Copa,Rac3,Calm1 | function: Mydgf (0.22), Prrx2 (0.20), Prrx1 (0.20), Ror2 (0.19), Ctf1 (0.19), Phip (0.17), Ccn1 (0.17), Cnot9 (0.17)",0.07268341368928774,0.030878766716690178,0.075,0.0075
Fgf5,mouse,symbol,Fgf5,FGF5,7.825456541113086,estimated:ortholog+family+function,"ortholog: FGF5 (human) | family: Receptor ligands: Arhgdib,Calm3,Calm2,Bid,Lgals9,Copa,Rac3,Calm1 | function: Nenf (0.28), Shcbp1 (0.25), Trip6 (0.21), S100a4 (0.19), Glipr2 (0.18), Anks1 (0.17), Dennd2b (0.16), Ctf1 (0.16)",25.007074023732997,estimated:family+function,"family: Receptor ligands: Arhgdib,Calm3,Calm2,Bid,Lgals9,Copa,Rac3,Calm1 | function: Nenf (0.28), Shcbp1 (0.25), Prl2c3 (0.23), Trip6 (0.21), S100a4 (0.19), Glipr2 (0.18), Anks1 (0.17), Prl2c2 (0.17)",0.0885759414697807,0.02771804409832646,0.2,0.02
Fst,mouse,symbol,Fst,FST,7.887028526100397,estimated:ortholog+function,"ortholog: FST (human) | function: Trps1 (0.26), Id1 (0.20), Sap30 (0.20), Sap130 (0.19), Twsg1 (0.19), Cd109 (0.19), Bcl9l (0.17), Zfx (0.17)",21.59532226105636,estimated:function,"function: Trps1 (0.26), Id1 (0.20), Sap30 (0.20), Sap130 (0.19), Twsg1 (0.19), Cd109 (0.19), Bcl9l (0.17), Zfx (0.17)",0.08788445208054291,0.032097098259557956,0.01,0.05
Gata4,mouse,symbol,Gata4,GATA4,6.089188823111912,estimated:ortholog+family+function,"ortholog: GATA4 (human) | family: GATA zinc finger domain containing: Mta2,Trps1,Mta1,Gatad2a,Gatad2b | function: Smad4 (0.25), Smad2 (0.23), Rbpj (0.22), Smad3 (0.20), Yap1 (0.19), Foxf1 (0.18), Notch2 (0.17), Nr3c1 (0.16)",26.978596339966227,estimated:family+function,"family: GATA zinc finger domain containing: Mta2,Trps1,Mta1,Gatad2a,Gatad2b | function: Smad4 (0.25), Smad2 (0.23), Rbpj (0.22), Smad3 (0.20), Yap1 (0.19), Foxf1 (0.18), Notch2 (0.17), Nr3c1 (0.16)",0.11383243330032074,0.02569248495456799,0.01,0.05
Gata6,mouse,symbol,Gata6,GATA6,5.281317470306558,estimated:ortholog+family+function,"ortholog: GATA6 (human) | family: GATA zinc finger domain containing: Mta2,Trps1,Mta1,Gatad2a,Gatad2b | function: Smad4 (0.20), Rbpj (0.20), Yap1 (0.18), Smad2 (0.17), Nr3c1 (0.17), Foxp1 (0.17), Smad3 (0.16), Nr2f2 (0.16)",25.148593009817333,estimated:family+function,"family: GATA zinc finger domain containing: Mta2,Trps1,Mta1,Gatad2a,Gatad2b | function: Smad4 (0.20), Rbpj (0.20), Yap1 (0.18), Smad2 (0.17), Nr3c1 (0.17), Foxp1 (0.17), Smad3 (0.16), Nr2f2 (0.16)",0.13124512670504374,0.02756206600859775,0.01,0.05
Hoxa1,mouse,symbol,Hoxa1,HOXA1,5.6968896804293525,estimated:ortholog+function,"ortholog: HOXA1 (human) | function: Prrx2 (0.26), Prrx1 (0.25), Tead2 (0.22), Med12 (0.19), Ubp1 (0.19), Nfib (0.19), Dscaml1 (0.18), Vezf1 (0.18)",20.08643321123342,estimated:function,"function: Prrx2 (0.26), Prrx1 (0.25), Tead2 (0.22), Med12 (0.19), Ubp1 (0.19), Nfib (0.19), Dscaml1 (0.18), Vezf1 (0.18)",0.12167116083380176,0.0345082261878281,0.03,0.02
Hoxb2,mouse,symbol,Hoxb2,HOXB2,5.742827369230876,estimated:ortholog+function,"ortholog: HOXB2 (human) | function: Ubp1 (0.31), Nfic (0.30), Maff (0.29), Prrx2 (0.28), Nfyc (0.27), Nrf1 (0.27), Nkrf (0.27), Vezf1 (0.25)",22.065672927776443,estimated:function,"function: Ubp1 (0.31), Nfic (0.30), Maff (0.29), Prrx2 (0.28), Mafg (0.27), Nfyc (0.27), Nrf1 (0.27), Nkrf (0.27)",0.12069789600044636,0.03141291828391991,0.03,0.02
Jarid2,mouse,symbol,Jarid2,JARID2,6.282471795897742,estimated:ortholog+family+function,"ortholog: JARID2 (human) | family: AT-rich interaction domain containing: Arid1b,Arid1a,Kdm5c | function: Suz12 (0.34), Setdb1 (0.27), Eed (0.26), Cbx5 (0.25), Ehmt1 (0.25), Kmt2d (0.23), Wdr5 (0.22), Pphln1 (0.21)",26.118928211687592,estimated:family+function,"family: AT-rich interaction domain containing: Arid1b,Arid1a,Kdm5c | function: Suz12 (0.34), Setdb1 (0.27), Eed (0.26), Cbx5 (0.25), Ehmt1 (0.25), Kmt2d (0.23), Wdr5 (0.22), Pphln1 (0.21)",0.1103303290613336,0.026538117297239577,0.075,0.0075
Klf2,mouse,symbol,Klf2,KLF2,5.060192732563938,estimated:ortholog+paralog_low+function,"ortholog: KLF2 (human) | paralog_low: Klf13 (22%) | function: Ncor2 (0.20), Gabpa (0.20), Rbfox2 (0.20), Hmga1 (0.20), Zbtb7a (0.20), Shc1 (0.19), Stat6 (0.19), Tbl1xr1 (0.19)",38.870184062189765,estimated:paralog_low+function,"paralog_low: Klf13 (22%) | function: Ncor2 (0.20), Gabpa (0.20), Rbfox2 (0.20), Hmga1 (0.20), Zbtb7a (0.20), Shc1 (0.19), Stat6 (0.19), Tbl1xr1 (0.19)",0.13698039129998435,0.017832361674721037,0.075,0.0075
Klf4,mouse,symbol,Klf4,KLF4,6.310942824572705,estimated:ortholog+function,"ortholog: KLF4 (human) | function: Rela (0.23), Yy1 (0.19), Hdac2 (0.19), Hdac1 (0.18), Stat1 (0.17), Ezh2 (0.17), Cebpb (0.17), Stat6 (0.17)",33.85250904520291,estimated:function,"function: Rela (0.23), Yy1 (0.19), Hdac2 (0.19), Hdac1 (0.18), Stat1 (0.17), Ezh2 (0.17), Cebpb (0.17), Stat6 (0.17)",0.10983258759072599,0.020475503887596426,0.075,0.0075
Krt8,mouse,symbol,Krt8,KRT8,13.557074363627772,estimated:ortholog+paralog_low+function,"ortholog: KRT8 (human) | paralog_low: Lmnb2 (22%), Lmna (22%), Lmnb1 (22%) | function: Csrp1 (0.30), Flnc (0.30), Csrp2 (0.29), Cfl2 (0.23), Myl9 (0.21), Dnajb6 (0.21), Flnb (0.18), Plec (0.17)",51.4277986835194,estimated:ortholog+paralog_mid+family+function,"ortholog: KRT8 (human) | paralog_mid: Krt90 (57%), Krt5 (55%), Krt76 (50%), Krt87 (48%), Krt81 (47%) | family: Keratins, type II: Krt86,Krt85,Krt76,Krt81,Krt90,Krt74,Krt87,Krt83 | function: Csrp1 (0.30), Flnc (0.30), Csrp2 (0.29), Cfl2 (0.23), Myl9 (0.21), Dnajb6 (0.21), Krt5 (0.19), Flnb (0.18)",0.05112807984734431,0.013478064360201205,0.01,0.05
Lamb1,mouse,symbol,Lamb1,LAMB1,19.259999999999998,measured,,7.900000000000002,measured,,0.03598895018483621,0.08774014943796773,0.01,0.05
Meis1,mouse,symbol,Meis1,MEIS1,6.022140869596648,estimated:ortholog+function,"ortholog: MEIS1 (human) | function: Ubp1 (0.29), Vezf1 (0.28), Gabpa (0.27), Maff (0.27), Klf13 (0.25), Pdlim5 (0.25), Ctcf (0.24), Junb (0.23)",22.07510513804987,estimated:function,"function: Ubp1 (0.29), Vezf1 (0.28), Gabpa (0.27), Maff (0.27), Klf13 (0.25), Pdlim5 (0.25), Ctcf (0.24), Junb (0.23)",0.11509979516742373,0.031399496230040534,0.03,0.02
Nes,mouse,symbol,Nes,NES,15.100000000000003,measured,,53.529999999999994,measured,,0.045903786792049345,0.012948761079020089,0.03,0.02
Nr0b1,mouse,symbol,Nr0b1,NR0B1,7.0411249106053555,estimated:ortholog+function,"ortholog: NR0B1 (human) | function: Safb2 (0.25), Sf1 (0.24), Cby1 (0.21), Ybx3 (0.20), Basp1 (0.20), Tle5 (0.19), Ncor2 (0.18), Tle4 (0.18)",30.588181847926442,estimated:function,"function: Safb2 (0.25), Sf1 (0.24), Cby1 (0.21), Ybx3 (0.20), Basp1 (0.20), Tle5 (0.19), Ncor2 (0.18), Tle4 (0.18)",0.09844267632802903,0.02266062049735504,0.075,0.0075
Pax6,mouse,symbol,Pax6,PAX6,6.363440825511119,estimated:ortholog+paralog_low+family+function,"ortholog: PAX6 (human) | paralog_low: Prrx2 (22%), Prrx1 (21%) | family: PRD class homeoboxes and pseudogenes: Prrx1,Prrx2 | function: Nfib (0.22), Nr2f1 (0.16), Smad2 (0.15), Prrx1 (0.15), Hdac2 (0.15), Smarca4 (0.15), Smad4 (0.15), Kdm1a (0.15)",10.489371047691982,estimated:paralog_low+family+function,"paralog_low: Prrx2 (22%), Prrx1 (21%) | family: PRD class homeoboxes and pseudogenes: Prrx1,Prrx2 | function: Nfib (0.22), Nr2f1 (0.16), Smad2 (0.15), Prrx1 (0.15), Hdac2 (0.15), Smarca4 (0.15), Smad4 (0.15), Kdm1a (0.15)",0.1089264754032298,0.06608090965687224,0.03,0.02
Pdgfra,mouse,symbol,Pdgfra,PDGFRA,9.884057363125345,estimated:ortholog+family+function,"ortholog: PDGFRA (human) | family: I-set domain containing: Lrig1,Neo1,Ror2,Igfbp7,Kirrel1,Pxdn,Ptk7,Palld | function: Map2k4 (0.17), Egfr (0.17), Met (0.17), Ror2 (0.16), Stk4 (0.15), Sgpl1 (0.15), Axl (0.15), Map2k2 (0.15)",30.429659777422874,estimated:paralog_low+family+function,"paralog_low: Flt1 (26%) | family: I-set domain containing: Lrig1,Neo1,Ror2,Igfbp7,Kirrel1,Pxdn,Ptk7,Palld | function: Flt1 (0.21), Map2k4 (0.17), Mertk (0.17), Egfr (0.17), Met (0.17), Ror2 (0.16), Stk4 (0.15), Sgpl1 (0.15)",0.07012779824061763,0.02277867007485316,0.01,0.05
Pou3f1,mouse,symbol,Pou3f1,POU3F1,5.679837209314517,estimated:ortholog+function,"ortholog: POU3F1 (human) | function: Zfp148 (0.43), Nfic (0.40), Etv6 (0.39), Nkrf (0.38), Mafk (0.38), Atf7 (0.37), Nr2f1 (0.37), Myef2 (0.35)",28.573628917194938,estimated:function,"function: Zfp148 (0.43), Nfic (0.40), Etv6 (0.39), Nkrf (0.38), Mafk (0.38), Atf7 (0.37), Nr2f1 (0.37), Elf2 (0.36)",0.12203645192915648,0.024258283138226998,0.2,0.02
Pou5f1,mouse,symbol,Pou5f1,"POU5F1,POU5F1B",6.910779437825947,estimated:ortholog+function,"ortholog: POU5F1 (human) | function: Ctr9 (0.28), Rtf1 (0.24), Gabpa (0.23), Prrx1 (0.22), Paf1 (0.22), Atf7 (0.20), Brd3 (0.20), Ncoa2 (0.20)",27.779046057895883,estimated:function,"function: Ctr9 (0.28), Rtf1 (0.24), Gabpa (0.23), Prrx1 (0.22), Paf1 (0.22), Atf7 (0.20), Brd3 (0.20), Ncoa2 (0.20)",0.10029942162037826,0.024952159232369535,0.075,0.0075
Sox1,mouse,symbol,Sox1,SOX1,7.725621904205159,estimated:function,"function: Nfic (0.31), Nr2f1 (0.30), Mga (0.28), Etv6 (0.28), Nkrf (0.27), Gabpa (0.26), Foxf2 (0.26), Zfp148 (0.25)",22.344392604295457,estimated:function,"function: Nfic (0.31), Nr2f1 (0.30), Mga (0.28), Etv6 (0.28), Nkrf (0.27), Gabpa (0.26), Foxf2 (0.26), Zfp148 (0.25)",0.08972056737369662,0.031021079553833812,0.03,0.02
Sox11,mouse,symbol,Sox11,SOX11,6.202973471563635,estimated:ortholog+function,"ortholog: SOX11 (human) | function: Smad2 (0.21), Foxf2 (0.20), Arid1a (0.19), Prrx1 (0.19), Twsg1 (0.18), Hmga2 (0.18), Nfib (0.17), Cux1 (0.17)",18.473787586255092,estimated:function,"function: Smad2 (0.21), Foxf2 (0.20), Arid1a (0.19), Prrx1 (0.19), Twsg1 (0.18), Hmga2 (0.18), Nfib (0.17), Cux1 (0.17)",0.11174434063559165,0.03752057759263521,0.03,0.02
Sox17,mouse,symbol,Sox17,SOX17,4.650602406401332,estimated:ortholog+function,"ortholog: SOX17 (human) | function: Tead2 (0.22), Smad2 (0.21), Foxf1 (0.19), Junb (0.19), Vezf1 (0.19), Tead1 (0.19), Nr2f2 (0.18), Prrx1 (0.17)",20.303471795588013,estimated:function,"function: Tead2 (0.22), Smad2 (0.21), Foxf1 (0.19), Junb (0.19), Vezf1 (0.19), Tead1 (0.19), Nr2f2 (0.18), Prrx1 (0.17)",0.14904460110497972,0.034139342647328305,0.01,0.05
Sox2,mouse,symbol,Sox2,SOX2,5.508807313907194,estimated:ortholog+function,"ortholog: SOX2 (human) | function: Prrx1 (0.20), Hmga2 (0.20), Cdc73 (0.19), Hdac1 (0.18), Foxf2 (0.18), Arid1a (0.18), Nfib (0.17), Ncoa3 (0.17)",29.92129429440498,estimated:function,"function: Prrx1 (0.20), Hmga2 (0.20), Cdc73 (0.19), Hdac1 (0.18), Foxf2 (0.18), Arid1a (0.18), Nfib (0.17), Ncoa3 (0.17)",0.12582527234344698,0.023165681729535266,0.075,0.0075
Sox9,mouse,symbol,Sox9,SOX9,5.44452644939617,estimated:ortholog+function,"ortholog: SOX9 (human) | function: Smad4 (0.20), Ctnnb1 (0.19), Smad3 (0.16), Rbpj (0.15), Yap1 (0.15), Hmga2 (0.15), Med1 (0.15), Smad2 (0.14)",30.29813094364453,estimated:function,"function: Smad4 (0.20), Ctnnb1 (0.19), Smad3 (0.16), Rbpj (0.15), Yap1 (0.15), Hmga2 (0.15), Med1 (0.15), Smad2 (0.14)",0.12731082987700784,0.022877555775609418,0.03,0.02
Sparc,mouse,symbol,Sparc,SPARC,23.609999999999996,measured,,1.79,measured,,0.02935820332740133,0.38723306176533256,0.01,0.05
Wnt8a,mouse,symbol,Wnt8a,WNT8A,9.456031808230275,estimated:function,"function: Ctf1 (0.15), Ppp1r12c (0.13), Fryl (0.12), Igfbp7 (0.12), Ppp1r12b (0.12), Nle1 (0.12), Cfap418 (0.11), Anks1 (0.11)",22.538939967258262,estimated:function,"function: Ctf1 (0.15), Ppp1r12c (0.13), Fryl (0.12), Igfbp7 (0.12), Prl2c3 (0.12), Ppp1r12b (0.12), Nle1 (0.12), Cfap418 (0.11)",0.07330212023574717,0.030753317661206,0.2,0.02
Zfp42,mouse,symbol,Zfp42,ZFP42,6.279127668763891,estimated:paralog_low+function,"paralog_low: Yy1 (34%) | function: Mga (0.45), Zfp711 (0.44), Maff (0.39), Zfx (0.38), Nrf1 (0.37), Nfyc (0.37), Ubp1 (0.35), Etv6 (0.35)",18.55387693873575,estimated:paralog_low+function,"paralog_low: Yy1 (34%) | function: Mga (0.45), Zfp711 (0.44), Mafg (0.41), Maff (0.39), Zfx (0.38), Nrf1 (0.37), Nfyc (0.37), Ubp1 (0.35)",0.11038908860032753,0.03735861689978288,0.075,0.0075
Zic2,mouse,symbol,Zic2,ZIC2,5.834432326386872,estimated:ortholog+function,"ortholog: ZIC2 (human) | function: Tead2 (0.34), Gatad2a (0.30), Gabpa (0.29), Enah (0.27), Med12 (0.27), Kdm2a (0.26), Nfic (0.26), Etv6 (0.25)",28.42669592001007,estimated:function,"function: Tead2 (0.34), Gatad2a (0.30), Gabpa (0.29), Enah (0.27), Smarca1 (0.27), Med12 (0.27), Kdm2a (0.26), Nfic (0.26)",0.11880284863792313,0.024383670283398162,0.2,0.02
Zic3,mouse,symbol,Zic3,ZIC3,6.025819023515917,estimated:ortholog+function,"ortholog: ZIC3 (human) | function: Prrx1 (0.27), Prrx2 (0.27), Tead2 (0.25), Kdm2a (0.24), Med12 (0.23), Mrtfb (0.21), Tead1 (0.21), Mical2 (0.21)",16.917862183777526,estimated:function,"function: Prrx1 (0.27), Prrx2 (0.27), Tead2 (0.25), Kdm2a (0.24), Med12 (0.23), Mrtfb (0.21), Tead1 (0.21), Mical2 (0.21)",0.11502953836730248,0.04097132208729076,0.2,0.02
