cell_type,gene,corr,z,qval,rank,representative,redundant_with
chromaffin,SPARC,0.44938831427969766,13.899932659090313,3.074947869439683e-42,1,True,
chromaffin,COL5A2,0.4326054073505285,13.301463523715485,5.504300087863047e-39,2,True,
chromaffin,OLFML2A,0.428105720497091,13.142841636437645,3.0242573364694105e-38,3,False,"SPARC, COL5A2"
chromaffin,ZEB2,0.3951281499600594,12.002185630032466,3.558915340232256e-32,4,False,"SPARC, COL5A2"
chromaffin,EDNRB,0.39498578211454105,11.997340198441595,3.558915340232256e-32,5,False,"SPARC, COL5A2"
chromaffin,PLP1,0.3938903451199114,11.960079012867855,4.6484967343854516e-32,6,False,"SPARC, COL5A2"
chromaffin,COL1A1,0.39161186652700586,11.88269841756114,1.0087328156213858e-31,7,False,"SPARC, COL5A2"
chromaffin,POSTN,0.38775021210959326,11.751921987525463,4.1849831340802966e-31,8,False,"SPARC, COL5A2"
chromaffin,COL1A2,0.3783655209588508,11.436008271525735,1.4889938320298507e-29,9,False,"SPARC, COL5A2"
chromaffin,PTPRZ1,0.36940447537495547,11.136790940766357,4.028335698443044e-28,10,False,"SPARC, COL5A2"
chromaffin,MPZ,0.3689895375380549,11.122991854234318,4.275264771629286e-28,11,False,"SPARC, COL5A2"
chromaffin,VCAN,0.3666936584984911,11.046728726193772,9.188687032688293e-28,12,False,"SPARC, COL5A2"
chromaffin,QKI,0.3646854874075754,10.98014407738685,1.776457163584041e-27,13,False,"SPARC, COL5A2"
chromaffin,COL18A1,0.3564612008743804,10.708614584942968,3.212752078118373e-26,14,False,"SPARC, COL5A2"
chromaffin,TIMP3,0.3131947457349242,9.308595660861872,4.188254328149674e-20,15,False,"SPARC, COL5A2"
chromaffin,MT-CYB,0.29038220671775805,8.587650561726923,2.6907120641884304e-17,16,True,
chromaffin,NRXN1,0.2851119593091346,8.422608493238595,1.050433626106757e-16,17,False,"SPARC, COL5A2"
chromaffin,METRN,0.26652573626931464,7.844778771124203,1.1686274428245599e-14,18,False,"SPARC, COL5A2"
chromaffin,S100B,0.23526697533575422,6.886518718885192,1.459447713501876e-11,19,False,"SPARC, COL5A2, RPL10"
chromaffin,MEG3,0.23492922388385024,6.876249982360472,1.490129339785779e-11,20,False,"SPARC, BTF3, RPL10, GAPDH"
chromaffin,DLK1,0.21692365918571496,6.331242956276923,5.616624480327262e-10,21,False,"PTMA, RPL10"
chromaffin,CRYAB,0.20846341817081682,6.076725216553544,2.7041326302884476e-09,22,False,"SPARC, COL5A2"
chromaffin,ANXA2,0.18968791206688357,5.515165396006386,7.347794314415571e-08,23,False,"SPARC, COL5A2"
chromaffin,IFITM3,0.1789239053282508,5.19511772282731,4.134429655316284e-07,24,False,"SPARC, COL5A2"
chromaffin,MEG8,0.1536923880117905,4.44973749287584,1.6679210238561946e-05,25,True,
chromaffin,S100A10,0.10017753386372957,2.887064325749503,0.0072536361638342916,26,False,"SPARC, COL5A2, MEG8"
chromaffin,EEF2,0.08591509809724729,2.473822104277622,0.02401221374338256,27,True,
chromaffin,ITM2B,0.07865687701238304,2.2639234083793203,0.04084189493523625,28,True,
chromaffin,FOS,0.07402557879743919,2.1301194427079055,0.055460174030030764,29,False,
chromaffin,ALDH1A1,0.05883156573846241,1.691761695068346,0.14661779539246184,30,False,
chromaffin,APOE,0.0474783152356723,1.364736857182504,0.269622093259406,31,False,
chromaffin,LGALS1,0.041818706773793665,1.2018518325117704,0.34771611107377504,32,False,"SPARC, COL5A2"
chromaffin,PNMT,0.03761279300901966,1.0808551244365632,0.41116472154357875,33,False,
chromaffin,IGFBP2,0.02490120943845405,0.71538067451288,0.658602221647583,34,False,
chromaffin,PENK,0.024850200828850057,0.7139146565727105,0.658602221647583,35,False,
chromaffin,B2M,0.022204376078786937,0.6378769925949455,0.7053432541115126,36,False,
chromaffin,TPM1,0.016799976512826206,0.4825879928605219,0.8250089961247821,37,False,
chromaffin,EIF4A2,0.010738868799143942,0.30846238084639893,0.9491258588057377,38,False,
chromaffin,S100A6,0.010488216846157881,0.30126214048908456,0.9491258588057377,39,False,
sympathoblasts,H2AFZ,0.3520619781869143,10.350683574885881,2.0152158358849986e-23,1,True,
sympathoblasts,PTMA,0.2918432261392416,8.459068675808062,6.535891295007728e-16,2,True,
sympathoblasts,BTF3,0.28024479365325405,8.103566871155943,8.628290629021002e-15,3,True,
sympathoblasts,RPL10,0.27257712704003634,7.869927314220652,3.704192487356937e-14,4,True,
sympathoblasts,GAPDH,0.27227484634700344,7.860738419078867,3.704192487356937e-14,5,True,
sympathoblasts,RPL41,0.27150334455899067,7.8372932818455885,3.721259091194011e-14,6,False,"BTF3, RPL10"
sympathoblasts,MDK,0.2631821824614052,7.585087423709665,2.302107617448792e-13,7,True,
sympathoblasts,HMGB2,0.26250052915528715,7.564480346360122,2.3608478829461636e-13,8,False,"H2AFZ, PTMA"
sympathoblasts,GAP43,0.2587806411813434,7.452163150123195,4.948189542197463e-13,9,False,"SPARC, COL5A2, PTMA"
sympathoblasts,RPS13,0.2579392063939742,7.426789378839901,5.396367915208602e-13,10,False,"BTF3, RPL10"
sympathoblasts,RPL30,0.24598750230116123,7.067631871397318,6.948725394002942e-12,11,False,"BTF3, RPL10"
sympathoblasts,TMSB10,0.24311644386796988,6.9816934461191575,1.178723668339335e-11,12,False,"H2AFZ, PTMA, RPL10, MDK"
sympathoblasts,STMN2,0.24231562998094958,6.957745760146325,1.2899524546881898e-11,13,False,"SPARC, COL5A2"
sympathoblasts,HMGN2,0.23385446615360103,6.705316830005384,6.962169474642359e-11,14,True,
sympathoblasts,RPS4X,0.22773142815058314,6.523303563036058,2.223740138805245e-10,15,False,"BTF3, RPL10"
sympathoblasts,RPL32,0.2159295567368756,6.173974514975983,2.0186391126701567e-09,16,False,"BTF3, RPL10, MT-CYB"
sympathoblasts,RPL12,0.2156014704296184,6.164290511319733,2.0198782882549073e-09,17,False,"BTF3, RPL10, MT-CYB"
sympathoblasts,FAU,0.21029470932538197,6.007850511626494,4.842442387798534e-09,18,False,"BTF3, RPL10, MT-CYB"
sympathoblasts,BEX1,0.2102449803409325,6.00638627506381,4.842442387798534e-09,19,False,"SPARC, COL5A2"
sympathoblasts,HAND2,0.2026199290598914,5.782245412484667,1.7874691986009792e-08,20,False,"SPARC, COL5A2"
sympathoblasts,PRPH,0.20060941594129653,5.723267158602903,2.4133310743959217e-08,21,True,
sympathoblasts,RPL34,0.19720371731969524,5.6234739922287105,4.125915977393961e-08,22,False,"BTF3, RPL10, MT-CYB"
sympathoblasts,HINT1,0.19618442274848572,5.593634032309246,4.6890098505943556e-08,23,False,"H2AFZ, GAPDH"
sympathoblasts,BASP1,0.18753793166340518,5.340998703245706,1.867975837799771e-07,24,False,"SPARC, COL5A2, PTMA, PRPH"
sympathoblasts,YBX1,0.1850912591217407,5.269667048974232,2.5782946208712595e-07,25,False,"H2AFZ, GAPDH"
sympathoblasts,CD24,0.18502037134472224,5.267601348840611,2.5782946208712595e-07,26,False,"SPARC, COL5A2, PRPH"
sympathoblasts,RTN1,0.1785313577185307,5.078743227030569,6.824844496222439e-07,27,False,"SPARC, COL5A2, PTMA, MDK, PRPH"
sympathoblasts,RPS2,0.1727082995183111,4.9096521426521065,1.5803740764865539e-06,28,False,"BTF3, RPL10, MT-CYB"
sympathoblasts,PHOX2A,0.1597090665021643,4.533421915322952,9.70597496568841e-06,29,False,"SPARC, COL5A2, PRPH"
sympathoblasts,PTMS,0.1491868568738928,4.230061196532613,3.776981911084016e-05,30,True,
sympathoblasts,RPS29,0.14841714122828095,4.207908981860433,3.9944206980747506e-05,31,False,"BTF3, RPL10, MT-CYB"
sympathoblasts,NEFL,0.1482421045096047,4.202872194167412,3.9944206980747506e-05,32,True,
sympathoblasts,PPIA,0.13982398974098098,3.9609449900164453,0.00010971836275099963,33,True,
sympathoblasts,EEF1A2,0.13756968619031673,3.896258880480594,0.0001393518670496183,34,False,"SPARC, COL5A2, PRPH, NEFL"
sympathoblasts,GAL,0.13304339540364066,3.766501957000739,0.00022940609041481195,35,False,"SPARC, COL5A2, PTMA, MDK, PRPH, NEFL"
sympathoblasts,HAND2-AS1,0.13275223319145868,3.7581606023862673,0.00023059999935295348,36,False,"SPARC, COL5A2, MEG8"
sympathoblasts,MAP1B,0.1270156481018146,3.593948067606644,0.00042693735061410156,37,False,"SPARC, COL5A2, PRPH, NEFL"
sympathoblasts,DBH,0.12274358694198599,3.471816784694775,0.0006597901883819693,38,False,"SPARC, COL5A2, MEG8"
sympathoblasts,NPY,0.12175928097493298,3.4436956753685664,0.000711766055815344,39,False,"PRPH, NEFL"
sympathoblasts,RGS5,0.12154379301676682,3.437540211347342,0.000711766055815344,40,False,"SPARC, COL5A2, PRPH, MEG8"
sympathoblasts,RGS4,0.10865875132620434,3.070049003361353,0.0025317431996392955,41,False,"SPARC, COL5A2, MEG8"
sympathoblasts,ATP5F1E,0.10420497662382781,2.9432723608088796,0.0037502343728058507,42,True,
sympathoblasts,UCHL1,0.10134535611157579,2.861936317249096,0.004749182044112335,43,False,"SPARC, COL5A2, PRPH, NEFL"
sympathoblasts,PCSK1N,0.0914646712792775,2.5812582273267646,0.01085087384187272,44,False,"SPARC, COL5A2, PRPH, NEFL, ATP5F1E"
sympathoblasts,LGALS1,0.09000002314237311,2.539697222320215,0.011957779720696156,45,False,"SPARC, COL5A2"
sympathoblasts,PTN,0.07880014019491234,2.222239795818478,0.027694664375564854,46,True,
sympathoblasts,HNRNPA1,0.07295471935129855,2.056781985283159,0.04097445281905752,47,False,"PTMA, RPL10"
sympathoblasts,SCG2,0.06801757062640222,1.917144253171663,0.055794812189990245,48,False,
sympathoblasts,UBC,0.05536862259281486,1.5598064232932232,0.11759333071860179,49,False,
sympathoblasts,TH,0.052736833708141306,1.4855242455010778,0.13328285548724228,50,False,
sympathoblasts,APOE,0.030962626101918876,0.8716441516788384,0.3646082943683635,51,False,
sympathoblasts,C4orf48,0.029941922080099197,0.8428923290491237,0.37241346554096644,52,False,
sympathoblasts,CHGB,0.025151576043005525,0.7079774063868088,0.4301882659103627,53,False,
sympathoblasts,ALDH1A1,0.025150820437449088,0.7079561283013979,0.4301882659103627,54,False,
sympathoblasts,VIM,0.01619017005547151,0.45567158926741996,0.5719703366723937,55,False,
sympathoblasts,CNTN1,0.009184212243138241,0.2584739106477865,0.6894285230710973,56,False,
sympathoblasts,IGFBP2,0.002220252076087292,0.06248353464216103,0.808484596978894,57,False,
