cell_type,gene,ancestors_t,ancestors_log_fc,ancestors_rank,cell_type_t,cell_type_log_fc,cell_type_rank,top10_both,n_ancestor_cells_eff
chromaffin,CHGA,28.65533277082527,2.310323443016064,1.0,66.16569543517677,3.0992939863307276,1.0,True,388.30448889045755
chromaffin,CHGB,27.21505713026465,1.876509548919389,2.0,43.255778390376676,2.2197865294369556,3.0,True,388.30448889045755
chromaffin,MEG3,19.88507403800077,1.5411546286009534,3.0,23.475626741801666,1.652940544135693,11.0,False,388.30448889045755
chromaffin,DLK1,19.617948678010865,1.4097233193590886,4.0,50.366516748816956,2.2425541390664185,2.0,True,388.30448889045755
chromaffin,PCSK1N,18.85206419331781,1.0527203224980406,5.0,27.276121017740223,1.2740886771157531,8.0,True,388.30448889045755
chromaffin,TH,18.758080102736788,0.9744169276686505,6.0,32.43773811649992,1.3707885112028446,5.0,True,388.30448889045755
chromaffin,SCG2,18.69850071383395,1.0453397148597712,7.0,30.845997074573027,1.4208364820076262,6.0,True,388.30448889045755
chromaffin,RAMP1,18.53548789123604,0.8705601330802974,8.0,34.56264828764892,1.2757161112323325,4.0,True,388.30448889045755
chromaffin,DBH,18.366053398820654,1.0571162369659228,9.0,25.57423766079474,1.2312689087943482,10.0,True,388.30448889045755
chromaffin,RGS4,16.53708955665783,0.8780619834553304,10.0,20.874758361853544,0.9560097611429502,14.0,False,388.30448889045755
chromaffin,PENK,14.730199950987473,0.7053566126828441,11.0,25.59910398063409,1.183781068484531,9.0,False,388.30448889045755
chromaffin,RGS5,14.714188833481472,1.0026511521194248,12.0,21.0082743074584,1.168003457960053,13.0,False,388.30448889045755
chromaffin,HAND2-AS1,14.515790674500465,0.8185554817091338,13.0,12.569777946272568,0.587180167533053,20.0,False,388.30448889045755
chromaffin,HTATSF1,14.298994847159992,0.7580407712263184,14.0,28.748267073327288,1.255096556667663,7.0,False,388.30448889045755
chromaffin,EEF1A2,13.7400577971905,0.7174478649834665,15.0,14.827539034695267,0.6619133495153129,18.0,False,388.30448889045755
chromaffin,MEG8,13.185845385697597,0.7186514379543114,16.0,15.617069123569976,0.8128956173075387,17.0,False,388.30448889045755
chromaffin,CNTN1,12.794275243080147,0.5900684150333848,17.0,16.74655188106524,0.6884738220082496,16.0,False,388.30448889045755
chromaffin,CARTPT,12.15761418954297,0.5366859570649856,18.0,21.44196236684112,0.9941728669583733,12.0,False,388.30448889045755
chromaffin,BEX1,11.915446918468286,0.6292934366075957,19.0,13.370760017617064,0.6114068046659901,19.0,False,388.30448889045755
chromaffin,PNMT,10.633816688742224,0.4572945583315813,20.0,17.696825501228467,0.9070284122823954,15.0,False,388.30448889045755
chromaffin,HAND2,10.26091664283436,0.5101378366924042,21.0,12.24950907296834,0.4939541282528741,21.0,False,388.30448889045755
chromaffin,PHOX2A,9.963171814935048,0.5060433473229892,22.0,6.306871109244658,0.2721704878973701,26.0,False,388.30448889045755
chromaffin,CD24,9.699471073258895,0.4995576978826135,23.0,7.976487310257511,0.35390497163525225,25.0,False,388.30448889045755
chromaffin,STMN2,8.612242045589344,0.7129095574933655,24.0,6.063819021253296,0.39330507822048233,27.0,False,388.30448889045755
chromaffin,MT-CYB,6.150833460964514,0.3312740693157137,25.0,6.04403766033656,0.2749636035939238,28.0,False,388.30448889045755
chromaffin,FOS,5.513422270479892,0.33200017593520914,26.0,10.392445642630534,0.5530161489460941,23.0,False,388.30448889045755
chromaffin,TPM1,4.623950212783923,0.23403926099655104,27.0,10.805899147239133,0.44718877956760295,22.0,False,388.30448889045755
chromaffin,ATP5F1E,4.165769984507194,0.2047093624950933,28.0,9.556543150875738,0.4264535005724073,24.0,False,388.30448889045755
chromaffin,GAL,3.511663925570903,0.21030745249296035,29.0,-4.2733955470416305,-0.2114338696069304,47.0,False,388.30448889045755
chromaffin,MAP1B,3.055673105806762,0.19609940722809827,30.0,-4.519833523192502,-0.23104574417580215,48.0,False,388.30448889045755
chromaffin,UCHL1,2.396933886497256,0.11143452380504992,31.0,-3.4575950112084923,-0.13244980435525555,43.0,False,388.30448889045755
chromaffin,EIF4A2,2.025766057314314,0.08953811556700053,32.0,4.10578778905504,0.15337011910414478,29.0,False,388.30448889045755
chromaffin,BASP1,1.8018495262539325,0.0953374414225916,33.0,-4.22445974158314,-0.1775201676304624,45.0,False,388.30448889045755
chromaffin,HMGN2,0.33858157261223326,0.01815803305919994,34.0,2.9922913633668693,0.13711650152296606,31.0,False,388.30448889045755
chromaffin,UBC,0.2103051258649143,0.010285405510772616,35.0,2.634896739559941,0.10832371530744944,33.0,False,388.30448889045755
chromaffin,FAU,0.07161194837927282,0.0032483426912408575,36.0,2.9705913893193925,0.1234317478569551,32.0,False,388.30448889045755
chromaffin,NPY,-0.24095740522702863,-0.01015419510339094,37.0,-1.9067574007660064,-0.07637245411747196,38.0,False,388.30448889045755
chromaffin,HINT1,-0.24817784892187947,-0.011897206834982521,38.0,3.2348046229630842,0.14264909278792604,30.0,False,388.30448889045755
chromaffin,PTMS,-0.9636272443429388,-0.04728500705056882,39.0,-2.282698378817156,-0.09324399489061563,41.0,False,388.30448889045755
chromaffin,NEFL,-1.0070412888364582,-0.025517336940213187,40.0,-7.888441379108869,-0.16376617652292896,62.0,False,388.30448889045755
chromaffin,RTN1,-1.2820273082898186,-0.054732461361253204,41.0,-17.568361052805038,-0.47933182543629477,74.0,False,388.30448889045755
chromaffin,GAP43,-1.4948910118688696,-0.07747137025912132,42.0,-12.413415194050955,-0.46447102883594077,69.0,False,388.30448889045755
chromaffin,C4orf48,-1.7729782928516453,-0.0754277659992949,43.0,-5.4787491066578236,-0.20043922058727026,51.0,False,388.30448889045755
chromaffin,PRPH,-2.7643588509041828,-0.11647855485816508,44.0,-14.56851276399667,-0.4337443083315072,71.0,False,388.30448889045755
chromaffin,MDK,-3.8774428246860393,-0.2169001927676637,45.0,-11.560378627579839,-0.5336798904057696,67.0,False,388.30448889045755
chromaffin,RPS13,-4.0690717687223295,-0.19875149472027331,46.0,-1.5922579587001635,-0.07400600076319552,37.0,False,388.30448889045755
chromaffin,RPL41,-4.172984403642643,-0.20000313107994927,47.0,1.8234198178566725,0.08510008987657658,34.0,False,388.30448889045755
chromaffin,EEF2,-4.210142048473801,-0.18129505325406803,48.0,-7.474318115163228,-0.2741337120912113,60.0,False,388.30448889045755
chromaffin,BTF3,-4.3774040705564,-0.20843553802862602,49.0,-1.9181119374719973,-0.08347626472066372,39.0,False,388.30448889045755
chromaffin,PPIA,-4.612266039273526,-0.20718629113949794,50.0,-5.508977867427566,-0.2138267371904028,53.0,False,388.30448889045755
chromaffin,H2AFZ,-4.718117338028556,-0.26073915817674576,51.0,-6.0197240337269005,-0.2956689811929929,54.0,False,388.30448889045755
chromaffin,HMGB2,-4.776756010506813,-0.2568692804367765,52.0,-5.481719765681437,-0.2505326469374092,52.0,False,388.30448889045755
chromaffin,GAPDH,-4.980299800961204,-0.22050404452170413,53.0,-7.865419186910778,-0.31487687560035527,61.0,False,388.30448889045755
chromaffin,APOE,-5.104470558166318,-0.1950899588914018,54.0,-6.156432396667493,-0.20092305916173986,55.0,False,388.30448889045755
chromaffin,YBX1,-5.196745086629288,-0.25450112551854076,55.0,-7.064080426172101,-0.2962427778660073,58.0,False,388.30448889045755
chromaffin,RPS4X,-5.561924293082246,-0.2670284215906613,56.0,-0.7424414829935022,-0.03296623425407219,36.0,False,388.30448889045755
chromaffin,ITM2B,-6.06613815338059,-0.2732887191976543,57.0,-4.895900865018075,-0.18838371808076704,50.0,False,388.30448889045755
chromaffin,RPS2,-6.414508593111875,-0.27922013695591685,58.0,-2.1903734049146397,-0.08997214884073168,40.0,False,388.30448889045755
chromaffin,PTN,-6.6486513835456496,-0.28157168467888083,59.0,0.5605736244039358,0.02339543369300512,35.0,False,388.30448889045755
chromaffin,RPL34,-7.258319741936616,-0.32879701632053004,60.0,-6.489491747827415,-0.2713860453722887,56.0,False,388.30448889045755
chromaffin,S100A6,-7.732941418437945,-0.3400475414317947,61.0,-3.802259747459474,-0.1556814476623517,44.0,False,388.30448889045755
chromaffin,RPL30,-7.815580757425991,-0.3922119764999916,62.0,-2.976236869655941,-0.14145948563436006,42.0,False,388.30448889045755
chromaffin,RPS29,-7.901711039768847,-0.3432042247579026,63.0,-4.771311608028017,-0.19010052824210488,49.0,False,388.30448889045755
chromaffin,RPL12,-7.954650494663834,-0.38125870584777277,64.0,-4.251805558676067,-0.18417889738821613,46.0,False,388.30448889045755
chromaffin,RPL32,-8.425180477217793,-0.40594660925948567,65.0,-6.965904949033799,-0.3104160465892458,57.0,False,388.30448889045755
chromaffin,TIMP3,-8.454866356647909,-0.3850797314883583,66.0,-7.267444608824743,-0.2883431588002302,59.0,False,388.30448889045755
chromaffin,PTMA,-8.819844391527417,-0.47130237263697783,67.0,-18.847729473021857,-0.7857209555362883,79.0,False,388.30448889045755
chromaffin,HNRNPA1,-9.144453303940518,-0.4182517212157444,68.0,-10.935245806285891,-0.4303865101565161,66.0,False,388.30448889045755
chromaffin,NRXN1,-9.549084227608526,-0.49521291925180955,69.0,-10.71861871497553,-0.4655658141476564,65.0,False,388.30448889045755
chromaffin,B2M,-10.33935490668747,-0.49132761263691904,70.0,-8.491230111816915,-0.36500279420399384,63.0,False,388.30448889045755
chromaffin,RPL10,-10.952966440899578,-0.512848816269841,71.0,-11.830997854552677,-0.5202259003088008,68.0,False,388.30448889045755
chromaffin,COL18A1,-11.726415022419664,-0.5102963888339753,72.0,-10.371991221228313,-0.3963906345547128,64.0,False,388.30448889045755
chromaffin,TMSB10,-13.466464558217815,-0.7667833485392967,73.0,-24.387829543888202,-1.151910426830585,89.0,False,388.30448889045755
chromaffin,COL1A1,-13.843242898370455,-0.637413017868439,74.0,-18.163933125046565,-0.6576899611758573,76.0,False,388.30448889045755
chromaffin,ACTG1,-14.045435743257437,-0.6762322147226976,75.0,-18.05764339605744,-0.7180884412435193,75.0,False,388.30448889045755
chromaffin,COL1A2,-14.704549237229243,-0.6355318283366609,76.0,-16.9410293985239,-0.6036035055916628,73.0,False,388.30448889045755
chromaffin,IGFBP2,-15.125770140764402,-0.5742737329947257,77.0,-12.422476191352791,-0.42623655450554004,70.0,False,388.30448889045755
chromaffin,VCAN,-16.582366918417204,-0.6854110933168464,78.0,-19.619667854378307,-0.652414541323431,80.0,False,388.30448889045755
chromaffin,QKI,-17.01216016902067,-0.7460080245440661,79.0,-18.707592101473796,-0.6880787542609651,78.0,False,388.30448889045755
chromaffin,IFITM3,-17.587877392241538,-0.6890971997251542,80.0,-18.599678037765322,-0.6173309130407292,77.0,False,388.30448889045755
chromaffin,POSTN,-18.063318562608806,-0.8770634260103114,81.0,-24.798124318723534,-0.9194890407533639,90.0,False,388.30448889045755
chromaffin,ALDH1A1,-18.24515099494356,-0.8569480708322212,82.0,-21.087374106296025,-0.7695682695099997,84.0,False,388.30448889045755
chromaffin,METRN,-18.340032668745955,-0.8707315464543748,83.0,-14.621429681084507,-0.6110640619843992,72.0,False,388.30448889045755
chromaffin,ZEB2,-18.34240062665168,-0.9449776596823516,84.0,-26.123517463613766,-1.0225383387768774,94.0,False,388.30448889045755
chromaffin,OLFML2A,-18.82236872688396,-0.8207100330394892,85.0,-21.788284293777483,-0.7622556279885171,85.0,False,388.30448889045755
chromaffin,LGALS1,-19.05414971166827,-0.8807963291187518,86.0,-19.775226697679397,-0.7668280554980977,82.0,False,388.30448889045755
chromaffin,CRYAB,-19.21494400990293,-0.7056682355531658,87.0,-19.839281082997413,-0.5977729628744936,83.0,False,388.30448889045755
chromaffin,SPARC,-19.434986490757364,-0.932836780186153,88.0,-23.372634079770883,-0.9135208495576496,88.0,False,388.30448889045755
chromaffin,COL5A2,-20.065605393659883,-0.8851824167348612,89.0,-25.352985496762184,-0.8647585941770131,93.0,False,388.30448889045755
chromaffin,S100A10,-21.31179525336753,-0.7887133188147506,90.0,-22.1736396199776,-0.702833005300499,86.0,False,388.30448889045755
chromaffin,MPZ,-21.3443364112053,-0.7209021972585774,91.0,-25.079903050018494,-0.6707225980126806,92.0,False,388.30448889045755
chromaffin,EDNRB,-21.489654727846105,-0.8819250750657918,92.0,-22.551257351975444,-0.771041792560844,87.0,False,388.30448889045755
chromaffin,PTPRZ1,-21.527313097255714,-0.9223758694415982,93.0,-24.841499352028208,-0.8470493598506293,91.0,False,388.30448889045755
chromaffin,S100B,-22.339912219865422,-1.1829886984872087,94.0,-19.666427057325365,-0.9012024874889937,81.0,False,388.30448889045755
chromaffin,ANXA2,-22.880098699558534,-1.0962901124583664,95.0,-36.78499280393743,-1.246136154380819,97.0,False,388.30448889045755
chromaffin,VIM,-24.11820526805205,-1.6834244365929873,96.0,-30.78468675628336,-1.7809918805272227,96.0,False,388.30448889045755
chromaffin,PLP1,-25.877019328460435,-1.2022424182826985,97.0,-29.450113458193783,-1.0949420661074825,95.0,False,388.30448889045755
intermediate,PLP1,15.684624339525406,1.0889509842599563,1.0,0.9044734189398858,0.0944649478862215,8.0,True,269.4203426628677
intermediate,PTPRZ1,14.47655375692691,0.9928082868610727,2.0,0.5622924279876955,0.05329880696812961,13.0,False,269.4203426628677
intermediate,ZEB2,14.245376118663398,1.040026249101119,3.0,3.248750040274317,0.38863367132166404,3.0,True,269.4203426628677
intermediate,POSTN,13.859912853652547,1.032015270355791,4.0,3.5604162550096534,0.38316371024181783,2.0,True,269.4203426628677
intermediate,COL5A2,13.852764762717195,1.0219610383284965,5.0,1.9068942083023697,0.19987012437627116,5.0,True,269.4203426628677
intermediate,QKI,13.579542024996647,0.8986984985817951,6.0,0.7198723710710784,0.06904170300394807,12.0,False,269.4203426628677
intermediate,EDNRB,12.824962964795251,0.8350949775567025,7.0,-0.8435615089829361,-0.07544471886648352,23.0,False,269.4203426628677
intermediate,SPARC,11.915271638063954,0.8087934903668484,8.0,0.04733859158340182,0.004883452170099001,17.0,False,269.4203426628677
intermediate,VIM,11.711195747741108,0.8841741075623477,9.0,-2.299781450206305,-0.2979177820236161,30.0,False,269.4203426628677
intermediate,MPZ,11.143313942982651,0.6467573118480106,10.0,-1.142270537505081,-0.08659188571066417,26.0,False,269.4203426628677
intermediate,ALDH1A1,10.660934460533513,0.8051530466085571,11.0,1.0717033367292583,0.09993347061888136,7.0,False,269.4203426628677
intermediate,OLFML2A,10.405022651811217,0.8367707741152605,12.0,0.8652441376704599,0.08514345985211302,9.0,False,269.4203426628677
intermediate,COL1A1,10.355817057729544,0.7636322780063441,13.0,2.9428801543032197,0.3232316824984848,4.0,False,269.4203426628677
intermediate,METRN,10.031191624306903,0.6822702796613747,14.0,-0.8546561701032654,-0.08481181405387361,24.0,False,269.4203426628677
intermediate,COL1A2,9.923397508638715,0.6848948091367656,15.0,0.8125445388827833,0.07683817223870681,11.0,False,269.4203426628677
intermediate,VCAN,9.891301999992738,0.731618053761016,16.0,1.2665359114200119,0.12221330894634808,6.0,False,269.4203426628677
intermediate,COL18A1,9.49613471663905,0.6662117460792598,17.0,-0.2646509749878534,-0.025031072112390196,18.0,False,269.4203426628677
intermediate,S100B,9.476350503211789,0.7349200315233947,18.0,-2.4148204218380167,-0.25421148936973426,32.0,False,269.4203426628677
intermediate,NRXN1,9.377264719095187,0.7138018623743045,19.0,0.8405143451191323,0.09050340140650981,10.0,False,269.4203426628677
intermediate,IFITM3,9.324692964133359,0.5304193688165809,20.0,0.22821918134631536,0.018568288511183195,14.0,False,269.4203426628677
intermediate,ANXA2,7.768857776378751,0.5447828644425208,21.0,-3.3721120723024622,-0.30375477662036465,43.0,False,269.4203426628677
intermediate,CRYAB,7.497164311238887,0.4880889195495067,22.0,-2.533063267087392,-0.18690339877607137,34.0,False,269.4203426628677
intermediate,TIMP3,7.154403602749179,0.45515114771151144,23.0,0.1872834166928278,0.016506856616852472,15.0,False,269.4203426628677
intermediate,LGALS1,5.678225887956587,0.4148065879446412,24.0,-0.8137969401103824,-0.07246486079719583,22.0,False,269.4203426628677
intermediate,MT-CYB,4.716246884872175,0.28754633155514275,25.0,6.5884526693971965,0.74261470586739,1.0,False,269.4203426628677
intermediate,ACTG1,4.515452585961753,0.22066428298055518,26.0,-6.277835182596366,-0.6582263098072532,73.0,False,269.4203426628677
intermediate,S100A10,4.485219608254304,0.2723808255040817,27.0,-4.3983534915744205,-0.29708990735280705,53.0,False,269.4203426628677
intermediate,B2M,4.385864803932454,0.26739570159316994,28.0,-1.7944029248143496,-0.15846907493406104,27.0,False,269.4203426628677
intermediate,IGFBP2,3.913227341626228,0.22026441127144925,29.0,-4.66856584554114,-0.318888046726466,56.0,False,269.4203426628677
intermediate,PTN,2.742130717677955,0.15971693534860743,30.0,-4.041033766728195,-0.28972592921368095,48.0,False,269.4203426628677
intermediate,RPL12,1.382323124899319,0.07472815517819642,31.0,-3.534371709758173,-0.35832405692359104,44.0,False,269.4203426628677
intermediate,ITM2B,1.2559998834113475,0.06981772921556106,32.0,-3.0255253530240873,-0.3036891059528406,39.0,False,269.4203426628677
intermediate,RPL32,1.1906742256581047,0.05873544962945054,33.0,-5.577569854928471,-0.5696029318591078,67.0,False,269.4203426628677
intermediate,EEF2,0.9877553221892676,0.05522079931508861,34.0,-2.1902706940194436,-0.21712214650709116,29.0,False,269.4203426628677
intermediate,S100A6,0.6198052423593703,0.03649560715349065,35.0,-5.611857521514394,-0.4389879589830594,69.0,False,269.4203426628677
intermediate,APOE,0.44433753730654646,0.022696104707659093,36.0,-0.47421161441654897,-0.032214240241570824,19.0,False,269.4203426628677
intermediate,HNRNPA1,-0.16534652017928134,-0.009120438954574484,37.0,-5.594758137131295,-0.5625826762918098,68.0,False,269.4203426628677
intermediate,RPS2,-0.7258833855712744,-0.03803284822317865,38.0,-7.422224343928948,-0.7375302067973988,93.0,False,269.4203426628677
intermediate,RPS4X,-0.9007208034169385,-0.0468018238052581,39.0,-7.23510829472946,-0.7541216894192002,90.0,False,269.4203426628677
intermediate,RPL34,-1.2054074217999569,-0.057565234126356835,40.0,-5.00811770137253,-0.45483678268162864,61.0,False,269.4203426628677
intermediate,RPL41,-1.2252558539429617,-0.059427722768405467,41.0,-6.520838746014701,-0.6696281446636649,76.0,False,269.4203426628677
intermediate,RPL30,-1.5237787988570026,-0.08757766049544591,42.0,-8.039416643068277,-0.8663036152901851,95.0,False,269.4203426628677
intermediate,RPL10,-1.8175293526005083,-0.09261464009300635,43.0,-6.697096780429813,-0.6865091169903548,79.0,False,269.4203426628677
intermediate,RPS29,-1.8280514417675364,-0.09931341880504752,44.0,-6.826311360967114,-0.7281159432400182,81.0,False,269.4203426628677
intermediate,TMSB10,-1.9955098329932837,-0.10327112926959048,45.0,-4.5253093353053995,-0.47863801183329246,55.0,False,269.4203426628677
intermediate,EIF4A2,-2.128823068871623,-0.11709354895817015,46.0,-4.40111683502828,-0.3899520244870529,54.0,False,269.4203426628677
intermediate,FOS,-2.2462029945914743,-0.17276061881852578,47.0,-0.6994932405501741,-0.07345871747781119,20.0,False,269.4203426628677
intermediate,PTMA,-2.471303358264185,-0.1309176862920416,48.0,-3.736792672267425,-0.3762135278472232,45.0,False,269.4203426628677
intermediate,GAPDH,-2.917327722743486,-0.15936490554038363,49.0,-0.7917458874783956,-0.07462435637503795,21.0,False,269.4203426628677
intermediate,MEG8,-3.1212136037660434,-0.18400575937897423,50.0,-2.4801034115834364,-0.2220546857272122,33.0,False,269.4203426628677
intermediate,TPM1,-3.4298844788241927,-0.22992993877421575,51.0,-5.0759985685761695,-0.44842406033398985,63.0,False,269.4203426628677
intermediate,DLK1,-3.4693170760018748,-0.2525351703694445,52.0,-3.0973632430615328,-0.36229003228128387,40.0,False,269.4203426628677
intermediate,UBC,-3.9272621848570077,-0.22018502876456636,53.0,-2.9441838797796613,-0.30421717670655246,37.0,False,269.4203426628677
intermediate,RPS13,-4.299637394311706,-0.26186495674690313,54.0,-5.943867911694158,-0.6187004171721597,70.0,False,269.4203426628677
intermediate,MDK,-4.563343187007714,-0.2745435190567005,55.0,-2.719602195010501,-0.24727801547753425,36.0,False,269.4203426628677
intermediate,HMGB2,-4.57510044529285,-0.2776771022551593,56.0,-2.3581741235275424,-0.20384096677461983,31.0,False,269.4203426628677
intermediate,YBX1,-4.644182913921434,-0.26052661567010715,57.0,-4.376092979465882,-0.42686209932516794,52.0,False,269.4203426628677
intermediate,MEG3,-4.933414778494312,-0.46552587772992937,58.0,-1.0349756964435055,-0.16041864907445724,25.0,False,269.4203426628677
intermediate,PPIA,-4.939373049454263,-0.2691679203697215,59.0,-6.677219254633633,-0.6047736249331179,78.0,False,269.4203426628677
intermediate,BTF3,-5.174157331912181,-0.29818499103173624,60.0,-5.53716567028392,-0.5177061734103935,65.0,False,269.4203426628677
intermediate,PENK,-6.34008162725049,-0.24847589064699477,61.0,-3.279877181518005,-0.21754014092228796,42.0,False,269.4203426628677
intermediate,C4orf48,-6.450765022269732,-0.29495751371313716,62.0,-4.345513467300099,-0.30067704330853084,50.0,False,269.4203426628677
intermediate,HMGN2,-6.47769387638087,-0.3890166787927819,63.0,-3.1958908935883037,-0.3098497572361575,41.0,False,269.4203426628677
intermediate,PTMS,-6.479092656312855,-0.37265543919557087,64.0,-6.38680536831894,-0.5648876675528863,75.0,False,269.4203426628677
intermediate,ATP5F1E,-6.70220470054358,-0.3929178716078452,65.0,-6.836077848569077,-0.6962459806326102,82.0,False,269.4203426628677
intermediate,H2AFZ,-6.773730020337325,-0.4086493652399743,66.0,-3.0184258301811773,-0.30118220567491505,38.0,False,269.4203426628677
intermediate,NEFL,-6.927572626754872,-0.13220891063548953,67.0,-1.818310129682325,-0.0864048241419105,28.0,False,269.4203426628677
intermediate,PNMT,-7.449435143913666,-0.19137969287537898,68.0,-5.058309681444227,-0.23069454667337963,62.0,False,269.4203426628677
intermediate,MAP1B,-7.778177612224011,-0.5122873403221209,69.0,0.06853213549642637,0.008205303195067293,16.0,False,269.4203426628677
intermediate,FAU,-7.791337885494498,-0.4380141254580603,70.0,-7.305671447110008,-0.7598175449728461,91.0,False,269.4203426628677
intermediate,PRPH,-8.184111092672607,-0.2815631064604929,71.0,-5.573002970002921,-0.24817759449793103,66.0,False,269.4203426628677
intermediate,HINT1,-8.384146955553808,-0.43636172848822286,72.0,-6.543517920807059,-0.5594533610204176,77.0,False,269.4203426628677
intermediate,CARTPT,-9.336019765949548,-0.27061374532731625,73.0,-6.193785569241753,-0.2983935309249174,71.0,False,269.4203426628677
intermediate,NPY,-9.72049962860812,-0.2899209548797372,74.0,-7.014119983302961,-0.3102130825184563,87.0,False,269.4203426628677
intermediate,HTATSF1,-9.725354499015959,-0.43982157213777834,75.0,-8.99516061062463,-0.5849371498606262,96.0,False,269.4203426628677
intermediate,GAP43,-10.660154264705708,-0.458070242866552,76.0,-2.658024358083763,-0.19768542630631364,35.0,False,269.4203426628677
intermediate,UCHL1,-11.597621592209183,-0.47858003783072695,77.0,-4.902864559570415,-0.34623249152912594,59.0,False,269.4203426628677
intermediate,BASP1,-12.083494432409916,-0.5456931111302785,78.0,-4.351419527358789,-0.33925371223722306,51.0,False,269.4203426628677
intermediate,CNTN1,-13.173665063749237,-0.47897254547384505,79.0,-4.285771020911691,-0.2939195485220093,49.0,False,269.4203426628677
intermediate,HAND2,-13.616028256600247,-0.6615212352792382,80.0,-7.3269718696853525,-0.538876061136658,92.0,False,269.4203426628677
intermediate,GAL,-13.814299062843478,-0.5884880836246097,81.0,-4.807862485328421,-0.32646947675403903,58.0,False,269.4203426628677
intermediate,RTN1,-14.754744901015934,-0.4003037220543971,82.0,-6.918360875666276,-0.2988002597265793,85.0,False,269.4203426628677
intermediate,HAND2-AS1,-15.272930115937788,-0.7870776176610026,83.0,-3.9053501758581812,-0.37561160101378066,47.0,False,269.4203426628677
intermediate,EEF1A2,-15.550144477611612,-0.71073274971564,84.0,-3.9006889488024243,-0.3536444002261697,46.0,False,269.4203426628677
intermediate,SCG2,-15.884899977489304,-0.6904569935418057,85.0,-4.761028620030632,-0.408679769914239,57.0,False,269.4203426628677
intermediate,RAMP1,-16.606086361859433,-0.6119944703090558,86.0,-10.27439812780915,-0.5887310024895727,97.0,False,269.4203426628677
intermediate,CHGA,-16.703413737335733,-1.250075421573106,87.0,-7.076722505053331,-0.8609921765694433,89.0,False,269.4203426628677
intermediate,BEX1,-16.750634104226233,-0.7835166611965348,88.0,-5.456457469095697,-0.4882613292154223,64.0,False,269.4203426628677
intermediate,CD24,-16.816996369321068,-0.6922831501156884,89.0,-6.732684687619687,-0.4659507805880603,80.0,False,269.4203426628677
intermediate,RGS4,-16.9763502393089,-0.6803922538102896,90.0,-6.916863648260432,-0.4694442837595601,84.0,False,269.4203426628677
intermediate,PCSK1N,-17.367654361546492,-0.8955562677189187,91.0,-7.018629634544694,-0.6110135309092967,88.0,False,269.4203426628677
intermediate,RGS5,-18.479254396996943,-1.0086756175192815,92.0,-6.870158303096476,-0.6654720582207352,83.0,False,269.4203426628677
intermediate,TH,-18.599309527893904,-0.658398807007803,93.0,-7.705295875477275,-0.5089804042299242,94.0,False,269.4203426628677
intermediate,PHOX2A,-18.848752806671197,-0.7028762868124809,94.0,-4.934408381591615,-0.3564713361956188,60.0,False,269.4203426628677
intermediate,CHGB,-19.35944482729089,-1.2481484642446858,95.0,-6.19486589154329,-0.7167132703179322,72.0,False,269.4203426628677
intermediate,STMN2,-19.374445692374557,-1.266356794765028,96.0,-6.292293063275342,-0.7045561506697856,74.0,False,269.4203426628677
intermediate,DBH,-22.37158724226639,-0.9282689060230231,97.0,-6.9368290545832405,-0.5974977241098332,86.0,False,269.4203426628677
precursors,S100B,34.10733815079432,1.8093539126961873,1.0,39.35906154872763,1.8408088138294905,2.0,True,258.4499617081231
precursors,VIM,30.391560609848383,1.6268733564670033,2.0,39.26046489140933,2.003069503081435,3.0,True,258.4499617081231
precursors,METRN,28.82942545200734,1.3423649914739664,3.0,32.53761801908586,1.3785625819777474,8.0,True,258.4499617081231
precursors,S100A10,28.035984964917397,1.271338157392184,4.0,25.902220573795244,1.0936426100678953,14.0,False,258.4499617081231
precursors,PLP1,27.03109256766104,1.366002898572638,5.0,42.83359155644205,1.7265245163345277,1.0,True,258.4499617081231
precursors,SPARC,25.49744056252575,1.2089444755766015,6.0,37.153410205560576,1.467153374488773,4.0,True,258.4499617081231
precursors,ANXA2,23.96344333980895,1.270298189489234,7.0,26.94113187297392,1.2915259133015047,13.0,False,258.4499617081231
precursors,EDNRB,22.61006430318145,1.0716871261010394,8.0,35.602406143696925,1.3590787019984314,5.0,True,258.4499617081231
precursors,MPZ,21.847927717692585,0.8998237096709434,9.0,32.712197368006635,1.1046201899978043,7.0,True,258.4499617081231
precursors,LGALS1,20.40670452883335,1.3049780745760646,10.0,23.54926232226349,1.2256555839950964,20.0,False,258.4499617081231
precursors,IFITM3,19.993438458370342,0.8847173686485174,11.0,27.814138249468535,1.0249766816265804,10.0,False,258.4499617081231
precursors,COL5A2,18.529646156064484,0.95361363834637,12.0,29.42994446874397,1.296458292568993,9.0,False,258.4499617081231
precursors,IGFBP2,18.491095998869447,0.8443356829851746,13.0,23.19669470580445,0.8771444912701662,21.0,False,258.4499617081231
precursors,PTPRZ1,18.29760704272842,0.9489484070309608,14.0,33.750440656789,1.3971425934024897,6.0,False,258.4499617081231
precursors,COL1A2,16.97958744026987,0.8389526347872018,15.0,21.57196461431575,0.9474722211767592,22.0,False,258.4499617081231
precursors,OLFML2A,16.849028468967926,1.0886580748719852,16.0,23.59394303394714,1.2227497059402281,19.0,False,258.4499617081231
precursors,CRYAB,16.29499295957188,0.9333880815512783,17.0,24.104967016297607,1.0516497534768559,18.0,False,258.4499617081231
precursors,ZEB2,15.732169220349862,0.830110413316864,18.0,27.782279653884704,1.288664085391376,11.0,False,258.4499617081231
precursors,ACTG1,15.553839181534837,0.5439549350294368,19.0,24.507300422609813,0.7888672754462118,16.0,False,258.4499617081231
precursors,QKI,15.483933654921188,0.7609177236348982,20.0,27.06555526869867,1.1353158061346722,12.0,False,258.4499617081231
precursors,COL1A1,15.404363860665088,0.810304328207616,21.0,18.501001031446805,0.8839802793204196,25.0,False,258.4499617081231
precursors,VCAN,14.473876373162316,0.8307423310600142,22.0,21.36748897141257,1.01032429012548,23.0,False,258.4499617081231
precursors,COL18A1,14.190842948077902,0.7528540817361216,23.0,21.16680538826982,0.9365832558695419,24.0,False,258.4499617081231
precursors,ITM2B,13.559194764871343,0.5220933451550818,24.0,14.895131916341146,0.5380221797001951,28.0,False,258.4499617081231
precursors,S100A6,13.23130253790655,0.6004008092138806,25.0,12.26219708911225,0.5012184940851993,37.0,False,258.4499617081231
precursors,POSTN,13.15533081452957,0.7899388064522023,26.0,24.52154693626741,1.2063000821210266,15.0,False,258.4499617081231
precursors,RPS29,12.933372947585596,0.42572813573739454,27.0,13.730400157968077,0.4642076581129255,34.0,False,258.4499617081231
precursors,RPL41,12.229811506754391,0.4076366298013503,28.0,12.914654769691706,0.43862186221800537,36.0,False,258.4499617081231
precursors,RPS2,12.025137892311509,0.3945146259488559,29.0,14.397717988875478,0.47199645699942083,31.0,False,258.4499617081231
precursors,ALDH1A1,11.641131978757675,0.7578305002937707,30.0,24.306325223468793,1.2438650923193857,17.0,False,258.4499617081231
precursors,RPL10,11.53632624946977,0.39277608133771524,31.0,14.933858780983218,0.5315250220795718,27.0,False,258.4499617081231
precursors,RPL30,11.111669970627622,0.3916898895101295,32.0,13.986539908257182,0.5122192708197328,33.0,False,258.4499617081231
precursors,RPL32,10.710224264860496,0.35980445951432705,33.0,14.520280577105643,0.490169753536144,30.0,False,258.4499617081231
precursors,PTN,10.606477386142542,0.5070724730182585,34.0,12.067236935100961,0.4920471459581275,38.0,False,258.4499617081231
precursors,TIMP3,10.603941110142735,0.5507032303434515,35.0,14.148520629359659,0.6341168453430602,32.0,False,258.4499617081231
precursors,RPL12,10.191734084066685,0.3837245320778666,36.0,12.058287356926826,0.4544487939184034,39.0,False,258.4499617081231
precursors,B2M,9.774409612761053,0.5119112346550095,37.0,14.800115841576698,0.6448694809610618,29.0,False,258.4499617081231
precursors,RPS4X,8.936370815063311,0.33889502173780395,38.0,10.891155846453255,0.3984186440210782,40.0,False,258.4499617081231
precursors,NRXN1,8.897699703601942,0.5481709953210642,39.0,17.609731640522572,0.8951422820702715,26.0,False,258.4499617081231
precursors,RPL34,8.520724371169576,0.2883578928015065,40.0,10.397275854823372,0.35776605268967643,41.0,False,258.4499617081231
precursors,APOE,6.847633037641985,0.4245609274366878,41.0,8.081233026325622,0.36473891521652657,42.0,False,258.4499617081231
precursors,HNRNPA1,6.7435128704489475,0.2500789855757024,42.0,13.241315292640675,0.46052392513440576,35.0,False,258.4499617081231
precursors,TMSB10,6.407294202281659,0.27502670948365493,43.0,6.939605883169685,0.31685453266125885,43.0,False,258.4499617081231
precursors,YBX1,6.342180398384852,0.26280355077377315,44.0,2.9161034291759944,0.11880208584227692,49.0,False,258.4499617081231
precursors,RPS13,5.906565269369074,0.22378414947500547,45.0,5.961954847426906,0.2367231918067607,44.0,False,258.4499617081231
precursors,BTF3,5.6431596115032425,0.23792196289891954,46.0,5.099649355523703,0.20641058247554644,46.0,False,258.4499617081231
precursors,GAPDH,4.273180106211487,0.17060269552724394,47.0,2.6656318829011045,0.10249508011700836,50.0,False,258.4499617081231
precursors,HMGB2,4.17479299850642,0.2851975193587575,48.0,3.1655390325849333,0.17001537328099636,47.0,False,258.4499617081231
precursors,PPIA,3.7937030633755193,0.15207516206093796,49.0,2.156096200762102,0.08219921140211173,51.0,False,258.4499617081231
precursors,H2AFZ,3.0656916215207586,0.18463984467046823,50.0,0.3552150015008242,0.01784242588448426,52.0,False,258.4499617081231
precursors,EEF2,1.9750710460900402,0.07312581115710115,51.0,5.873712298516866,0.2095103794708857,45.0,False,258.4499617081231
precursors,UBC,1.4663451556539027,0.0656929500856116,52.0,-2.6176234996602785,-0.10650986682146657,58.0,False,258.4499617081231
precursors,FOS,1.2654910669365262,0.09473266205943376,53.0,-2.229315123022865,-0.13641102445940345,55.0,False,258.4499617081231
precursors,FAU,0.9251033644582173,0.03351949094848328,54.0,-1.243595842790263,-0.04607043988323989,54.0,False,258.4499617081231
precursors,TPM1,-0.01742293282112875,-0.0011642022681703779,55.0,-3.297945857951466,-0.17251846540187132,59.0,False,258.4499617081231
precursors,HINT1,-0.41205194567848713,-0.016751504086162994,56.0,-4.491877104732707,-0.1782283817550976,61.0,False,258.4499617081231
precursors,PTMS,-1.2841365619036955,-0.06361217634998972,57.0,-2.370079247609229,-0.10347250387476303,57.0,False,258.4499617081231
precursors,HMGN2,-1.3166722315545605,-0.07734985767515723,58.0,-4.280192288399611,-0.20669650726405897,60.0,False,258.4499617081231
precursors,C4orf48,-2.019455893092593,-0.08396016819224073,59.0,-7.691255784883036,-0.28551143238761373,63.0,False,258.4499617081231
precursors,MDK,-3.4625403727527218,-0.18898615237995142,60.0,-0.6413516629653611,-0.030594823079119093,53.0,False,258.4499617081231
precursors,PTMA,-3.481387706734342,-0.14708768886565826,61.0,2.957766186465821,0.12057012758157892,48.0,False,258.4499617081231
precursors,EIF4A2,-4.332520729397187,-0.17936516559579474,62.0,-2.3091722353256334,-0.08861245550995189,56.0,False,258.4499617081231
precursors,ATP5F1E,-4.396291632866365,-0.1761403961083805,63.0,-9.439084944401046,-0.3741744213136553,64.0,False,258.4499617081231
precursors,MT-CYB,-5.772312117271928,-0.2731810280833096,64.0,-5.279916827522424,-0.2326224594161439,62.0,False,258.4499617081231
precursors,NEFL,-7.5979036104217545,-0.14070148570119023,65.0,-10.999673769373283,-0.23274369406848772,65.0,False,258.4499617081231
precursors,PNMT,-9.008822268379756,-0.21475159665811078,66.0,-14.884098246035334,-0.4311405752253322,68.0,False,258.4499617081231
precursors,NPY,-10.702078859536098,-0.32206393805130756,67.0,-16.079090811314483,-0.5391647223947489,70.0,False,258.4499617081231
precursors,PRPH,-10.963969880144054,-0.34011822350182563,68.0,-13.586040470252353,-0.44551905050066315,66.0,False,258.4499617081231
precursors,HTATSF1,-12.44636466241689,-0.4847936598323053,69.0,-20.308690134189582,-0.7656097210911583,75.0,False,258.4499617081231
precursors,DLK1,-12.881820288056561,-0.7823571875832241,70.0,-15.271758456126252,-0.9417313281676072,69.0,False,258.4499617081231
precursors,UCHL1,-13.458176624235088,-0.4917398577133115,71.0,-18.858790209423155,-0.6498220681712918,72.0,False,258.4499617081231
precursors,PENK,-13.628391232674506,-0.38674038461001353,72.0,-19.500668475593564,-0.6260057060378311,73.0,False,258.4499617081231
precursors,MEG8,-13.89711655018892,-0.6085307500641235,73.0,-14.098988996608927,-0.6048115998359733,67.0,False,258.4499617081231
precursors,CARTPT,-13.913956642935833,-0.3407494162643118,74.0,-19.567630935635663,-0.557448060247185,74.0,False,258.4499617081231
precursors,BASP1,-15.956831496754244,-0.6300044709489634,75.0,-20.933734435197923,-0.7696505867545791,78.0,False,258.4499617081231
precursors,RTN1,-16.073439052189013,-0.452991798172543,76.0,-18.511765384410563,-0.5466375753255975,71.0,False,258.4499617081231
precursors,GAP43,-16.300420579165124,-0.5830387579232743,77.0,-20.423264985998046,-0.7349851340069231,77.0,False,258.4499617081231
precursors,MAP1B,-18.950605973361835,-0.909036815729527,78.0,-21.06647843591313,-0.964746165727013,79.0,False,258.4499617081231
precursors,HAND2,-20.10295001758715,-0.7985517254328542,79.0,-20.335279724256733,-0.7873810247054767,76.0,False,258.4499617081231
precursors,GAL,-20.227770254990435,-0.7476020988674086,80.0,-23.529466531310515,-0.8573029911205208,80.0,False,258.4499617081231
precursors,CNTN1,-21.187246122315297,-0.6256979815842537,81.0,-30.212284349180617,-0.8630474622021868,83.0,False,258.4499617081231
precursors,TH,-22.75675792914069,-0.7621977317205701,82.0,-35.66059152793184,-1.1299256241531688,88.0,False,258.4499617081231
precursors,BEX1,-23.71450771635988,-0.955842671492124,83.0,-32.05816755865762,-1.1728291774255801,85.0,False,258.4499617081231
precursors,MEG3,-24.080330566168904,-1.5983327318540075,84.0,-23.73479900194385,-1.5439794389462216,81.0,False,258.4499617081231
precursors,RGS4,-24.8143919752037,-0.8543503466945389,85.0,-35.784355866653186,-1.1154058666078592,89.0,False,258.4499617081231
precursors,HAND2-AS1,-25.029509038124942,-1.0274387286832671,86.0,-25.661786140822947,-1.03627563369566,82.0,False,258.4499617081231
precursors,CD24,-25.255502234565146,-0.8653328025961188,87.0,-30.78091948665188,-0.9920458865370322,84.0,False,258.4499617081231
precursors,SCG2,-25.899402855461158,-0.9098196969791226,88.0,-37.04373203578393,-1.269480560121717,90.0,False,258.4499617081231
precursors,PHOX2A,-25.966737667355332,-0.848219600348464,89.0,-32.36984069746672,-0.983315375784936,86.0,False,258.4499617081231
precursors,RAMP1,-26.034842226822008,-0.7866418681346967,90.0,-34.15157299304821,-1.0433803334157794,87.0,False,258.4499617081231
precursors,STMN2,-26.390672294141122,-1.5327330933267689,91.0,-39.86097109003022,-1.9518106257235621,92.0,False,258.4499617081231
precursors,EEF1A2,-26.702116060385833,-0.9508212783487067,92.0,-37.87471627621989,-1.2377938858595825,91.0,False,258.4499617081231
precursors,RGS5,-27.288654982730375,-1.2646325763529702,93.0,-41.762365431261586,-1.6694337856758559,94.0,False,258.4499617081231
precursors,DBH,-28.531679881357814,-1.085352818345379,94.0,-44.00915433620183,-1.4702300311323142,95.0,False,258.4499617081231
precursors,CHGA,-28.610391369480972,-1.7207666788368776,95.0,-40.97114216051744,-2.3495505389624394,93.0,False,258.4499617081231
precursors,CHGB,-31.032243026360643,-1.6073592277446418,96.0,-48.922809174468355,-2.1902057252425173,97.0,False,258.4499617081231
precursors,PCSK1N,-31.548616754739232,-1.2074391357249261,97.0,-48.255073937644134,-1.6324876276133904,96.0,False,258.4499617081231
sympathoblasts,PTMA,17.992617100022457,0.7083757132650885,1.0,26.059404689980287,0.9202272525211286,11.0,False,337.4298476102295
sympathoblasts,GAP43,14.12462826145061,0.8445939357458336,2.0,30.00441719570461,1.5281533189257492,4.0,True,337.4298476102295
sympathoblasts,TMSB10,13.954671534895274,0.6536270510407389,3.0,26.312926996077223,1.1346070840175178,10.0,True,337.4298476102295
sympathoblasts,STMN2,13.80221013261713,1.2701279134494736,4.0,48.42002347932365,2.383833760074567,1.0,True,337.4298476102295
sympathoblasts,RTN1,13.295150839999424,0.6763733980587274,5.0,32.53950770565582,1.3681729917332899,2.0,True,337.4298476102295
sympathoblasts,MAP1B,12.935545846722919,0.8573104603072045,6.0,28.8182875071104,1.4418313502494093,5.0,True,337.4298476102295
sympathoblasts,BASP1,12.925723028838867,0.7496378495366932,7.0,30.80115886023915,1.3376316885322013,3.0,True,337.4298476102295
sympathoblasts,GAL,11.825697344766038,0.7503233043263926,8.0,28.289162226075124,1.4759513916744387,6.0,True,337.4298476102295
sympathoblasts,UCHL1,11.379149050089815,0.5761431553390356,9.0,27.240086397728163,1.1440333089623063,8.0,True,337.4298476102295
sympathoblasts,MDK,10.966916389694845,0.5541508994473892,10.0,16.596667812482384,0.7596424371384386,18.0,False,337.4298476102295
sympathoblasts,CD24,10.825138575528966,0.5992907120064312,11.0,26.758726104208215,1.1043040797318375,9.0,False,337.4298476102295
sympathoblasts,PHOX2A,10.500433096517089,0.5840642739750148,12.0,28.049783273650302,1.1210302733747528,7.0,False,337.4298476102295
sympathoblasts,PRPH,10.272129844181055,0.5778463102466251,13.0,19.508827063427173,1.1647232804706906,15.0,False,337.4298476102295
sympathoblasts,BEX1,10.209302561234331,0.589604956472394,14.0,25.090229950137932,1.0596257490989347,12.0,False,337.4298476102295
sympathoblasts,HAND2,9.937384611848866,0.5134435044870271,15.0,16.173847581630852,0.7391721202957371,20.0,False,337.4298476102295
sympathoblasts,RGS5,7.79613974264363,0.580618979345129,16.0,19.76172876442853,1.1667322859365958,14.0,False,337.4298476102295
sympathoblasts,NPY,7.543066380341674,0.45304202835738616,17.0,13.138644633266962,0.9255528280408876,22.0,False,337.4298476102295
sympathoblasts,EEF1A2,7.522512145110857,0.44778337769653087,18.0,21.54772206727858,1.0090899100641664,13.0,False,337.4298476102295
sympathoblasts,HAND2-AS1,7.374295698967686,0.4484463826165247,19.0,16.64961651547923,0.8535651509452544,17.0,False,337.4298476102295
sympathoblasts,RPL10,7.341930701216557,0.2745522948563903,20.0,8.499256199076477,0.2965262861987785,33.0,False,337.4298476102295
sympathoblasts,C4orf48,6.675065079183394,0.32510714009860364,21.0,16.270905533862123,0.7415857689712378,19.0,False,337.4298476102295
sympathoblasts,NEFL,6.651680683744931,0.2238702566750259,22.0,12.386576094288259,0.5155318756145828,23.0,False,337.4298476102295
sympathoblasts,H2AFZ,6.396715524205994,0.36434646107147617,23.0,8.601763240675377,0.4702761976009142,32.0,False,337.4298476102295
sympathoblasts,PTMS,6.394893851745198,0.32318957227406875,24.0,12.374506330443376,0.5480769354890647,24.0,False,337.4298476102295
sympathoblasts,PCSK1N,6.356353279725995,0.41206364935700146,25.0,19.490474858975443,0.9745339473577819,16.0,False,337.4298476102295
sympathoblasts,HINT1,6.012748730404959,0.28286923978074263,26.0,8.485773384895166,0.38009919756068733,34.0,False,337.4298476102295
sympathoblasts,FAU,5.999280913876894,0.22506531051414136,27.0,10.028903380810108,0.35034228326017236,28.0,False,337.4298476102295
sympathoblasts,HNRNPA1,5.949983273133371,0.2443084981835435,28.0,5.596654524612055,0.21655659804333172,36.0,False,337.4298476102295
sympathoblasts,PPIA,5.854000704801901,0.25240932356097456,29.0,12.05083467048506,0.4723043610351969,25.0,False,337.4298476102295
sympathoblasts,DBH,4.989155814302531,0.3233765573391779,30.0,15.194021618812826,0.8127914613894675,21.0,False,337.4298476102295
sympathoblasts,HMGN2,4.673653112819932,0.27394410673892833,31.0,4.943694177223849,0.28077035161473796,38.0,False,337.4298476102295
sympathoblasts,GAPDH,4.595954031453599,0.18669747274336013,32.0,6.757134318637975,0.25881991742765065,35.0,False,337.4298476102295
sympathoblasts,BTF3,4.408502890120583,0.19824722336956757,33.0,2.963116754709166,0.12722491982831485,47.0,False,337.4298476102295
sympathoblasts,YBX1,4.29274010509834,0.20472922490830903,34.0,9.034381632485486,0.41672076121243706,31.0,False,337.4298476102295
sympathoblasts,RPL34,4.060404654531128,0.1440872194481324,35.0,3.3957851368490934,0.10953055921743049,45.0,False,337.4298476102295
sympathoblasts,RPS13,4.039666867560146,0.17846616458128883,36.0,3.263483297300346,0.1362569569907346,46.0,False,337.4298476102295
sympathoblasts,ACTG1,3.6157784528820502,0.13898270494746523,37.0,4.97250937461497,0.17797426771290725,37.0,False,337.4298476102295
sympathoblasts,CNTN1,3.552268659636917,0.17431476709407417,38.0,9.900590962532508,0.4825478330188074,30.0,False,337.4298476102295
sympathoblasts,ATP5F1E,3.4684692277612297,0.15887723395918907,39.0,9.93443752047288,0.3899750055576072,29.0,False,337.4298476102295
sympathoblasts,RPL30,3.415909815626781,0.14265577096602788,40.0,0.20696242102485757,0.00831490197814544,52.0,False,337.4298476102295
sympathoblasts,RGS4,3.0912076042828995,0.17559615380104532,41.0,11.269486428147426,0.601832672089685,26.0,False,337.4298476102295
sympathoblasts,HMGB2,3.038772586130236,0.19841791110025941,42.0,2.831898484095696,0.1777993868644141,48.0,False,337.4298476102295
sympathoblasts,EIF4A2,2.870637586894489,0.12381711515262084,43.0,4.079738834649352,0.16197521504392554,42.0,False,337.4298476102295
sympathoblasts,EEF2,2.476262491204725,0.10099345829372619,44.0,4.124174177695852,0.16214781880077522,41.0,False,337.4298476102295
sympathoblasts,RPL32,2.4299966614104656,0.0985702382702538,45.0,1.4982418969732818,0.052873601288200955,50.0,False,337.4298476102295
sympathoblasts,RPS29,1.8324565966358977,0.06802783974957016,46.0,1.2750221982013752,0.042992666245518674,51.0,False,337.4298476102295
sympathoblasts,RAMP1,1.781900387748879,0.08635782365858624,47.0,4.865518398879654,0.2309335141373955,39.0,False,337.4298476102295
sympathoblasts,UBC,1.2762850264854417,0.06256074382949861,48.0,3.8685649019176673,0.18499867371564327,44.0,False,337.4298476102295
sympathoblasts,RPL12,0.9516352051851737,0.04240772386623881,49.0,-3.866951107430654,-0.159703686841141,60.0,False,337.4298476102295
sympathoblasts,SCG2,0.890851010804823,0.04829292159177345,50.0,4.854449177773423,0.25101372023745483,40.0,False,337.4298476102295
sympathoblasts,CHGB,0.870725443605859,0.06993121558277893,51.0,10.3171657833149,0.6923370088846799,27.0,False,337.4298476102295
sympathoblasts,RPS4X,0.6486890685669437,0.02858941455197117,52.0,-0.824110943106981,-0.03241530049358765,56.0,False,337.4298476102295
sympathoblasts,RPS2,-0.26080733118064897,-0.010417503888767055,53.0,-2.0225609887165845,-0.0706282359008652,58.0,False,337.4298476102295
sympathoblasts,TH,-0.37669732991342164,-0.01887554551113102,54.0,3.928406765094562,0.1893804733587846,43.0,False,337.4298476102295
sympathoblasts,MEG3,-0.44600764662395687,-0.03568015565463467,55.0,2.741665265778296,0.1976475250166292,49.0,False,337.4298476102295
sympathoblasts,VIM,-0.9937017922515519,-0.08080645974274514,56.0,-5.005199184666535,-0.3680158169201302,62.0,False,337.4298476102295
sympathoblasts,B2M,-1.1786765396429981,-0.06039423132654076,57.0,-6.61925661253395,-0.31065943851404854,65.0,False,337.4298476102295
sympathoblasts,TPM1,-2.2583717730378754,-0.11610352711227712,58.0,-0.46732503100117656,-0.021896305181669407,55.0,False,337.4298476102295
sympathoblasts,RPL41,-2.3990467391726757,-0.09422933947361978,59.0,-7.364246555077526,-0.2586416422036204,68.0,False,337.4298476102295
sympathoblasts,ALDH1A1,-2.951315663363505,-0.18995104109002448,60.0,-21.845194549456675,-0.7561862694218342,91.0,False,337.4298476102295
sympathoblasts,MEG8,-2.9617380654661822,-0.15158964123153018,61.0,-0.26502771836823036,-0.01340942017367186,54.0,False,337.4298476102295
sympathoblasts,HTATSF1,-3.2111676379366747,-0.14849812304686127,62.0,-2.090348212213705,-0.09255879619220253,59.0,False,337.4298476102295
sympathoblasts,S100A6,-3.5109041357537514,-0.16258275436138292,63.0,-4.595453118166696,-0.2032636555020637,61.0,False,337.4298476102295
sympathoblasts,CHGA,-3.6507229697177412,-0.3001119953751179,64.0,0.14698355902035823,0.01095735133786424,53.0,False,337.4298476102295
sympathoblasts,ANXA2,-3.666668118905145,-0.21255067920463822,65.0,-1.267741604134616,-0.06764161278904857,57.0,False,337.4298476102295
sympathoblasts,CARTPT,-3.7992102321671455,-0.13114413447739956,66.0,-6.201462970133881,-0.22688808681067246,63.0,False,337.4298476102295
sympathoblasts,ITM2B,-4.109447102532689,-0.18783284573915493,67.0,-6.922045733699067,-0.2893496062212001,66.0,False,337.4298476102295
sympathoblasts,APOE,-4.154076213014779,-0.1619786766211988,68.0,-6.220590158683971,-0.21408125420649976,64.0,False,337.4298476102295
sympathoblasts,ZEB2,-4.878360593978246,-0.2939987639441829,69.0,-15.047847455677388,-0.6981801118168083,78.0,False,337.4298476102295
sympathoblasts,IGFBP2,-5.050421673764427,-0.2243015170091447,70.0,-12.457569601652855,-0.44099861968498016,74.0,False,337.4298476102295
sympathoblasts,PTN,-5.076658034854592,-0.21894947956024896,71.0,-13.04209334352485,-0.47144201487011006,76.0,False,337.4298476102295
sympathoblasts,FOS,-5.598713475294557,-0.3360965590437184,72.0,-6.942670932860286,-0.3933254107864127,67.0,False,337.4298476102295
sympathoblasts,POSTN,-5.770201484457395,-0.32846981329969505,73.0,-17.36160386242961,-0.7056083121388028,81.0,False,337.4298476102295
sympathoblasts,MT-CYB,-5.985128861269773,-0.2944509423911956,74.0,-9.488325915032355,-0.43046717914740107,69.0,False,337.4298476102295
sympathoblasts,NRXN1,-6.281059274770144,-0.3486457974298135,75.0,-15.980200564572584,-0.6509754378499011,80.0,False,337.4298476102295
sympathoblasts,TIMP3,-6.618795982640702,-0.31764908117093327,76.0,-11.09831278837557,-0.4795852664235869,72.0,False,337.4298476102295
sympathoblasts,CRYAB,-6.745118752240696,-0.3151632041270798,77.0,-17.92355645319286,-0.5441555414189984,84.0,False,337.4298476102295
sympathoblasts,IFITM3,-6.896806884879367,-0.3167089165519335,78.0,-17.90250053228799,-0.6055382121805654,83.0,False,337.4298476102295
sympathoblasts,PTPRZ1,-7.081049470490729,-0.3910325892873182,79.0,-25.74692549981312,-0.8350975004187313,94.0,False,337.4298476102295
sympathoblasts,QKI,-7.109793994387548,-0.36684220860964256,80.0,-18.804124043056635,-0.6933473767501547,86.0,False,337.4298476102295
sympathoblasts,LGALS1,-7.180852691738171,-0.3975915707958639,81.0,-15.22189887601298,-0.6395181493856628,79.0,False,337.4298476102295
sympathoblasts,PNMT,-7.568291774503459,-0.19859516309085742,82.0,-11.97985213797785,-0.32627294738607304,73.0,False,337.4298476102295
sympathoblasts,PLP1,-8.047148019829322,-0.4984853562385493,83.0,-25.955733451268266,-0.9954829229392005,95.0,False,337.4298476102295
sympathoblasts,PENK,-8.310812404846942,-0.28683990160545186,84.0,-10.397484683034001,-0.39450814948965385,71.0,False,337.4298476102295
sympathoblasts,VCAN,-8.348381614311403,-0.3930739760845473,85.0,-17.96147708525103,-0.6074947391876377,85.0,False,337.4298476102295
sympathoblasts,S100A10,-8.367634088347529,-0.3847677960929117,86.0,-9.816650600237042,-0.4194037111498566,70.0,False,337.4298476102295
sympathoblasts,COL5A2,-8.674928003664448,-0.45210795861802644,87.0,-21.705975285395123,-0.773697171085022,90.0,False,337.4298476102295
sympathoblasts,SPARC,-8.82907952890103,-0.49150135748406076,88.0,-19.655443988684176,-0.8219436083063173,87.0,False,337.4298476102295
sympathoblasts,EDNRB,-8.832971047671304,-0.44577386674387875,89.0,-25.064102927621352,-0.7984086337476781,93.0,False,337.4298476102295
sympathoblasts,MPZ,-8.925336666512838,-0.3634623195506875,90.0,-20.97212603312093,-0.5866185672140871,88.0,False,337.4298476102295
sympathoblasts,COL1A2,-9.46752750837065,-0.4263014069663318,91.0,-14.101815806903781,-0.5574007881250512,77.0,False,337.4298476102295
sympathoblasts,COL1A1,-9.50311062482872,-0.4462506963048785,92.0,-12.909569601659529,-0.558571643104401,75.0,False,337.4298476102295
sympathoblasts,S100B,-10.38358100361064,-0.6861324868881333,93.0,-27.401408488256163,-1.151990868829743,97.0,False,337.4298476102295
sympathoblasts,METRN,-10.781743582445335,-0.5968686469630999,94.0,-26.847704143166315,-0.991854626603196,96.0,False,337.4298476102295
sympathoblasts,OLFML2A,-10.983738891304325,-0.5269891528500273,95.0,-21.60625093728473,-0.7296965081810731,89.0,False,337.4298476102295
sympathoblasts,COL18A1,-11.027974124101558,-0.4774177685551304,96.0,-22.16179278692709,-0.7126918078529497,92.0,False,337.4298476102295
sympathoblasts,DLK1,-11.11285411457158,-0.7084569320107178,97.0,-17.47357832992153,-1.0776887841060765,82.0,False,337.4298476102295
