sample,t_from,t_to,cell_type_from,cell_type_to,mass,fate_probability,ancestor_probability
0,0.0,8.0,chromaffin,chromaffin,0.0,0.0,0.0
0,0.0,8.0,chromaffin,intermediate,0.0,0.0,0.0
0,0.0,8.0,chromaffin,precursors,0.0,0.0,0.0
0,0.0,8.0,chromaffin,sympathoblasts,0.0,0.0,0.0
0,0.0,8.0,intermediate,chromaffin,0.0,0.0,0.0
0,0.0,8.0,intermediate,intermediate,0.0,0.0,0.0
0,0.0,8.0,intermediate,precursors,0.0,0.0,0.0
0,0.0,8.0,intermediate,sympathoblasts,0.0,0.0,0.0
0,0.0,8.0,precursors,chromaffin,0.0,0.0,0.0
0,0.0,8.0,precursors,intermediate,0.0,0.0,0.0
0,0.0,8.0,precursors,precursors,0.9999999999999999,1.0,1.0
0,0.0,8.0,precursors,sympathoblasts,0.0,0.0,0.0
0,0.0,8.0,sympathoblasts,chromaffin,0.0,0.0,0.0
0,0.0,8.0,sympathoblasts,intermediate,0.0,0.0,0.0
0,0.0,8.0,sympathoblasts,precursors,0.0,0.0,0.0
0,0.0,8.0,sympathoblasts,sympathoblasts,0.0,0.0,0.0
0,8.0,32.0,chromaffin,chromaffin,0.0,0.0,0.0
0,8.0,32.0,chromaffin,intermediate,0.0,0.0,0.0
0,8.0,32.0,chromaffin,precursors,0.0,0.0,0.0
0,8.0,32.0,chromaffin,sympathoblasts,0.0,0.0,0.0
0,8.0,32.0,intermediate,chromaffin,0.0,0.0,0.0
0,8.0,32.0,intermediate,intermediate,0.0,0.0,0.0
0,8.0,32.0,intermediate,precursors,0.0,0.0,0.0
0,8.0,32.0,intermediate,sympathoblasts,0.0,0.0,0.0
0,8.0,32.0,precursors,chromaffin,0.028563212950527925,0.028563212950527925,1.0
0,8.0,32.0,precursors,intermediate,0.43405817447942985,0.43405817447942985,1.0
0,8.0,32.0,precursors,precursors,0.12948088037323166,0.12948088037323166,1.0
0,8.0,32.0,precursors,sympathoblasts,0.40789773219681064,0.40789773219681064,1.0
0,8.0,32.0,sympathoblasts,chromaffin,0.0,0.0,0.0
0,8.0,32.0,sympathoblasts,intermediate,0.0,0.0,0.0
0,8.0,32.0,sympathoblasts,precursors,0.0,0.0,0.0
0,8.0,32.0,sympathoblasts,sympathoblasts,0.0,0.0,0.0
0,32.0,48.0,chromaffin,chromaffin,0.011259444508875876,0.35128454115992275,0.057703571807669565
0,32.0,48.0,chromaffin,intermediate,0.007919162362675283,0.24707074267743376,0.028757662214887236
0,32.0,48.0,chromaffin,precursors,3.2025806893945693e-06,9.99176368882802e-05,0.0006704615743634292
0,32.0,48.0,chromaffin,sympathoblasts,0.012870396636014265,0.40154479852575514,0.024528030452697035
0,32.0,48.0,intermediate,chromaffin,0.05785380097322618,0.16246850630785,0.2964951740002383
0,32.0,48.0,intermediate,intermediate,0.19858374213435742,0.5576747494347587,0.7211374026859673
0,32.0,48.0,intermediate,precursors,0.002742795360374997,0.0077024820808999535,0.5742053280853857
0,32.0,48.0,intermediate,sympathoblasts,0.09691206545679429,0.27215426217649147,0.18469221734056465
0,32.0,48.0,precursors,chromaffin,0.033300249915052635,0.29974427946407217,0.17066058282642807
0,32.0,48.0,precursors,intermediate,0.053422732096104375,0.48087201687668346,0.19399941734458656
0,32.0,48.0,precursors,precursors,0.001992652371383071,0.017936386387677035,0.41716258719123095
0,32.0,48.0,precursors,sympathoblasts,0.02237989669679135,0.20144731727156737,0.042650961212109734
0,32.0,48.0,sympathoblasts,chromaffin,0.09271211218922605,0.18514285947652603,0.475140671365664
0,32.0,48.0,sympathoblasts,intermediate,0.015450098176280302,0.030853308030684763,0.056105517754559096
0,32.0,48.0,sympathoblasts,precursors,3.803012958273854e-05,7.594484443241131e-05,0.00796162314901996
0,32.0,48.0,sympathoblasts,sympathoblasts,0.39255961841257175,0.7839278876483569,0.7481287909946287
0,48.0,64.0,chromaffin,chromaffin,0.2727156712321994,0.9999328127241749,0.35210709772745713
0,48.0,64.0,chromaffin,intermediate,0.0,0.0,0.0
0,48.0,64.0,chromaffin,precursors,0.0,0.0,0.0
0,48.0,64.0,chromaffin,sympathoblasts,1.832425418162177e-05,6.718727582508793e-05,8.126948012826624e-05
0,48.0,64.0,intermediate,chromaffin,0.1663499809792772,0.9898294190159171,0.21477683605413322
0,48.0,64.0,intermediate,intermediate,0.0,0.0,0.0
0,48.0,64.0,intermediate,precursors,0.0,0.0,0.0
0,48.0,64.0,intermediate,sympathoblasts,0.0017092601217414227,0.010170580984082897,0.007580700426935921
0,48.0,64.0,precursors,chromaffin,0.0035507239457834225,0.8947275555272826,0.004584390393600421
0,48.0,64.0,precursors,intermediate,0.0,0.0,0.0
0,48.0,64.0,precursors,precursors,0.0,0.0,0.0
0,48.0,64.0,precursors,sympathoblasts,0.0004177734184124334,0.10527244447271734,0.001852857321736966
0,48.0,64.0,sympathoblasts,chromaffin,0.33190840051534937,0.5977765237211051,0.42853167582480917
0,48.0,64.0,sympathoblasts,intermediate,0.0,0.0,0.0
0,48.0,64.0,sympathoblasts,precursors,0.0,0.0,0.0
0,48.0,64.0,sympathoblasts,sympathoblasts,0.22332986553305523,0.402223476278895,0.9904851727711989
0,64.0,80.0,chromaffin,chromaffin,0.6875545299247634,0.9784770438869536,0.9999981986471023
0,64.0,80.0,chromaffin,intermediate,0.0,0.0,0.0
0,64.0,80.0,chromaffin,precursors,0.0,0.0,0.0
0,64.0,80.0,chromaffin,sympathoblasts,0.015123712983711768,0.02152295611304654,0.04840451977283501
0,64.0,80.0,intermediate,chromaffin,0.0,0.0,0.0
0,64.0,80.0,intermediate,intermediate,0.0,0.0,0.0
0,64.0,80.0,intermediate,precursors,0.0,0.0,0.0
0,64.0,80.0,intermediate,sympathoblasts,0.0,0.0,0.0
0,64.0,80.0,precursors,chromaffin,0.0,0.0,0.0
0,64.0,80.0,precursors,intermediate,0.0,0.0,0.0
0,64.0,80.0,precursors,precursors,0.0,0.0,0.0
0,64.0,80.0,precursors,sympathoblasts,0.0,0.0,0.0
0,64.0,80.0,sympathoblasts,chromaffin,1.2385305758987595e-06,4.165623760650324e-06,1.8013528977892784e-06
0,64.0,80.0,sympathoblasts,intermediate,0.0,0.0,0.0
0,64.0,80.0,sympathoblasts,precursors,0.0,0.0,0.0
0,64.0,80.0,sympathoblasts,sympathoblasts,0.2973205185609489,0.9999958343762394,0.9515954802271649
all,0.0,8.0,chromaffin,chromaffin,0.0,,
all,0.0,8.0,chromaffin,intermediate,0.0,,
all,0.0,8.0,chromaffin,precursors,0.0,,0.0
all,0.0,8.0,chromaffin,sympathoblasts,0.0,,
all,0.0,8.0,intermediate,chromaffin,0.0,,
all,0.0,8.0,intermediate,intermediate,0.0,,
all,0.0,8.0,intermediate,precursors,0.0,,0.0
all,0.0,8.0,intermediate,sympathoblasts,0.0,,
all,0.0,8.0,precursors,chromaffin,0.0,0.0,
all,0.0,8.0,precursors,intermediate,0.0,0.0,
all,0.0,8.0,precursors,precursors,0.9999999999999999,1.0,1.0
all,0.0,8.0,precursors,sympathoblasts,0.0,0.0,
all,0.0,8.0,sympathoblasts,chromaffin,0.0,,
all,0.0,8.0,sympathoblasts,intermediate,0.0,,
all,0.0,8.0,sympathoblasts,precursors,0.0,,0.0
all,0.0,8.0,sympathoblasts,sympathoblasts,0.0,,
all,8.0,32.0,chromaffin,chromaffin,0.0,,0.0
all,8.0,32.0,chromaffin,intermediate,0.0,,0.0
all,8.0,32.0,chromaffin,precursors,0.0,,0.0
all,8.0,32.0,chromaffin,sympathoblasts,0.0,,0.0
all,8.0,32.0,intermediate,chromaffin,0.0,,0.0
all,8.0,32.0,intermediate,intermediate,0.0,,0.0
all,8.0,32.0,intermediate,precursors,0.0,,0.0
all,8.0,32.0,intermediate,sympathoblasts,0.0,,0.0
all,8.0,32.0,precursors,chromaffin,0.028563212950527925,0.028563212950527925,1.0
all,8.0,32.0,precursors,intermediate,0.43405817447942985,0.43405817447942985,1.0
all,8.0,32.0,precursors,precursors,0.12948088037323166,0.12948088037323166,1.0
all,8.0,32.0,precursors,sympathoblasts,0.40789773219681064,0.40789773219681064,1.0
all,8.0,32.0,sympathoblasts,chromaffin,0.0,,0.0
all,8.0,32.0,sympathoblasts,intermediate,0.0,,0.0
all,8.0,32.0,sympathoblasts,precursors,0.0,,0.0
all,8.0,32.0,sympathoblasts,sympathoblasts,0.0,,0.0
all,32.0,48.0,chromaffin,chromaffin,0.011259444508875876,0.35128454115992275,0.057703571807669565
all,32.0,48.0,chromaffin,intermediate,0.007919162362675283,0.24707074267743376,0.02875766221488723
all,32.0,48.0,chromaffin,precursors,3.2025806893945693e-06,9.99176368882802e-05,0.0006704615743634292
all,32.0,48.0,chromaffin,sympathoblasts,0.012870396636014265,0.40154479852575514,0.024528030452697035
all,32.0,48.0,intermediate,chromaffin,0.05785380097322618,0.16246850630784998,0.2964951740002383
all,32.0,48.0,intermediate,intermediate,0.19858374213435742,0.5576747494347586,0.721137402685967
all,32.0,48.0,intermediate,precursors,0.002742795360374997,0.007702482080899952,0.5742053280853857
all,32.0,48.0,intermediate,sympathoblasts,0.09691206545679429,0.27215426217649147,0.18469221734056465
all,32.0,48.0,precursors,chromaffin,0.033300249915052635,0.29974427946407217,0.17066058282642807
all,32.0,48.0,precursors,intermediate,0.053422732096104375,0.48087201687668346,0.19399941734458653
all,32.0,48.0,precursors,precursors,0.001992652371383071,0.017936386387677035,0.41716258719123095
all,32.0,48.0,precursors,sympathoblasts,0.02237989669679135,0.20144731727156737,0.042650961212109734
all,32.0,48.0,sympathoblasts,chromaffin,0.09271211218922605,0.18514285947652603,0.475140671365664
all,32.0,48.0,sympathoblasts,intermediate,0.015450098176280302,0.030853308030684763,0.05610551775455908
all,32.0,48.0,sympathoblasts,precursors,3.803012958273854e-05,7.594484443241131e-05,0.00796162314901996
all,32.0,48.0,sympathoblasts,sympathoblasts,0.39255961841257175,0.7839278876483569,0.7481287909946287
all,48.0,64.0,chromaffin,chromaffin,0.2727156712321994,0.9999328127241749,0.3521070977274572
all,48.0,64.0,chromaffin,intermediate,0.0,0.0,
all,48.0,64.0,chromaffin,precursors,0.0,0.0,
all,48.0,64.0,chromaffin,sympathoblasts,1.832425418162177e-05,6.718727582508793e-05,8.126948012826624e-05
all,48.0,64.0,intermediate,chromaffin,0.1663499809792772,0.9898294190159171,0.21477683605413328
all,48.0,64.0,intermediate,intermediate,0.0,0.0,
all,48.0,64.0,intermediate,precursors,0.0,0.0,
all,48.0,64.0,intermediate,sympathoblasts,0.0017092601217414227,0.010170580984082897,0.007580700426935921
all,48.0,64.0,precursors,chromaffin,0.0035507239457834225,0.8947275555272826,0.004584390393600422
all,48.0,64.0,precursors,intermediate,0.0,0.0,
all,48.0,64.0,precursors,precursors,0.0,0.0,
all,48.0,64.0,precursors,sympathoblasts,0.0004177734184124334,0.10527244447271734,0.001852857321736966
all,48.0,64.0,sympathoblasts,chromaffin,0.33190840051534937,0.5977765237211051,0.4285316758248092
all,48.0,64.0,sympathoblasts,intermediate,0.0,0.0,
all,48.0,64.0,sympathoblasts,precursors,0.0,0.0,
all,48.0,64.0,sympathoblasts,sympathoblasts,0.22332986553305523,0.402223476278895,0.9904851727711989
all,64.0,80.0,chromaffin,chromaffin,0.6875545299247634,0.9784770438869536,0.9999981986471023
all,64.0,80.0,chromaffin,intermediate,0.0,0.0,
all,64.0,80.0,chromaffin,precursors,0.0,0.0,
all,64.0,80.0,chromaffin,sympathoblasts,0.015123712983711768,0.02152295611304654,0.04840451977283501
all,64.0,80.0,intermediate,chromaffin,0.0,,0.0
all,64.0,80.0,intermediate,intermediate,0.0,,
all,64.0,80.0,intermediate,precursors,0.0,,
all,64.0,80.0,intermediate,sympathoblasts,0.0,,0.0
all,64.0,80.0,precursors,chromaffin,0.0,,0.0
all,64.0,80.0,precursors,intermediate,0.0,,
all,64.0,80.0,precursors,precursors,0.0,,
all,64.0,80.0,precursors,sympathoblasts,0.0,,0.0
all,64.0,80.0,sympathoblasts,chromaffin,1.2385305758987595e-06,4.165623760650324e-06,1.8013528977892784e-06
all,64.0,80.0,sympathoblasts,intermediate,0.0,0.0,
all,64.0,80.0,sympathoblasts,precursors,0.0,0.0,
all,64.0,80.0,sympathoblasts,sympathoblasts,0.2973205185609489,0.9999958343762394,0.9515954802271649
